LowTemp;HighTemp;SnowThickness
-18,7;-10,7;23
-29,3;-16,7;23
-28,5;-12,7;23
-19,5;-9,9;24
-21,6;-17,8;25
-29,5;-18;28
-33,6;-29;27
-34;-24,8;27
-26,5;-16,9;26
-20;-6,3;26
-15,2;-5,2;25
-14,9;-4,7;24
-17;-9,4;24
-14,5;-3,7;24
-6,9;-4,3;23
-5,4;-2,9;22
-7;-2,5;23
-9,4;-7;23
-15,4;-8,9;23
-17;-11,2;24
-26,5;-17;23
-26,6;-19;24
-25,5;-19,2;24
-26,7;-8,7;24
-8,7;-7,5;23
-17,9;-8,4;22
-19,8;-12,5;23
-22,5;-16,6;24
-21,3;-17,9;24
-20;-13,6;25
-14,9;-8,6;27
-18,8;-5,3;30
-14,4;-3,9;37
-17,5;-5,9;37
-24,7;-5,3;36
-11,7;-4;36
-4,1;-2;41
-6,7;-3,4;40
-6,8;-3,3;39
-9,2;-4,6;40
-18,4;-8,6;41
-16,2;-8,9;40
-21;-8,8;43
-20,2;-11;42
-20,4;-4,7;41
-13,1;-3,9;40
-22,3;-8,9;39
-31,5;-13,5;40
-29,2;-14,5;40
-35;-16,5;40
-31,9;-17,8;40
-29,8;-15;40
-17,3;-14,2;41
-28,2;-13,3;43
-23;-15;45
-20,6;-4,7;44
-17,5;-3,3;43
-5,5;-0,2;47
-0,9;0,9;48
0,1;1,5;47
-1,7;0,6;46
-4,4;-0,9;52
-10,3;-3,5;52
-25,3;-6,1;51
-16,3;-3,9;51
-25,8;-5,1;50
-5,2;4,1;50
-11,5;-1,6;49
-9;-1,2;52
-9;2,4;50
-17,5;-2,1;48
-22,3;-3,4;48
-18,9;-6,3;48
-25,5;-6;48
-26,5;-6,3;48
-27,9;-3,9;48
-26,7;-2,2;48
-5,2;-2,4;49
-2,6;1,6;54
-13;-1,2;53
-19,1;-0,8;53
-8,8;-0,2;53
-20,5;-0,3;53
-23,8;0,3;52
-3,3;1,9;55
0,3;1,2;56
0,1;2,3;54
-2,8;1,7;50
-4,7;1,1;48
-9,7;7;48
2,3;10,7;43
1,6;8,8;31
-3,9;3,6;28
0;2,7;26
0,6;3,7;26
-1,3;4,6;28
1;3,9;24
0,1;3,6;23
1,2;4,5;19
-0,5;8,6;14
0,1;7,6;10
-4,1;10,4;6
1,2;9,2;0
-3,6;7,7;0
-1,4;10,3;0
1,3;7,4;0
-5,7;5,5;0
-0,4;2,2;2
-2,4;6,1;0
-3,8;7,6;0
-7,9;8,7;0
-2,1;10,3;0
-2,9;5,8;0
-1;3,7;4
-7,1;9,8;2
-3,9;14,1;0
1;10,8;0
-2,7;7,6;0
-3;7,7;0
0,8;6,3;0
4,7;12;0
1,2;4,9;0
-0,8;8;0
-7;10,8;0
-3,4;10,4;0
-1,9;9,9;0
-6,9;10,9;0
-5,2;11,2;0
3;8,6;0
3,2;9,6;0
5,3;13;0
4;18,1;0
0,9;24,9;0
13,7;28,4;0
6,2;28,7;0
8,6;29,3;0
13,9;26,6;0
14,7;24,1;0
11,3;25,6;0
3,4;26,5;0
6,1;23,5;0
0,6;18,4;0
6,3;17,5;0
7,2;12,7;0
7,3;13,4;0
2,3;15,6;0
4,4;17,3;0
6;16;0
7;13,6;0
5,5;14,2;0
3,5;16,7;0
1,6;16,8;0
-1,5;21,2;0
3;18,1;0
7,4;13,6;0
5,1;11;0
-2,1;12,8;0
-3,8;13,7;0
-3,4;16,5;0
1,3;18,3;0
7,8;17;0
-1,7;22,8;0
6,8;18,1;0
6,8;15,6;0
6,1;17,4;0
8,8;12,1;0
2;16,7;0
-0,5;17,4;0
3,8;19,7;0
11,3;21,2;0
13,2;19,6;0
7,9;15,6;0
0,1;17,3;0
3,5;16,9;0
-0,6;21,9;0
3,2;24,5;0
12,8;21,7;0
9,8;17,2;0
9,3;16,2;0
0,8;24,2;0
8,3;26,3;0
11,9;22,7;0
11,6;17,7;0
2,3;26,5;0
13,8;29,4;0
14;27,8;0
11,1;26,6;0
15;23,1;0
7,8;25;0
9,4;23,7;0
9,9;25,7;0
16,2;24,3;0
12,7;30;0
14,6;32,2;0
16,1;29,4;0
15,1;22,8;0
15,6;21,6;0
10,7;26,3;0
13,9;24,8;0
8,7;23,5;0
9,6;22,3;0
9,5;24,4;0
15,8;25,9;0
11;19,5;0
-0,8;19,7;0
9,8;21,4;0
17,3;29,4;0
17,2;28,6;0
13,8;25,2;0
17,4;33,5;0
17,5;29,5;0
15,4;21,3;0
14,9;22;0
12,1;24,6;0
13,4;22,4;0
11,1;19,3;0
14,3;22,6;0
6,5;25,1;0
9,3;27,9;0
15,7;27;0
15,4;22,9;0
16,3;20,5;0
13,4;20;0
11,6;23,1;0
9,9;25,9;0
11,5;28,9;0
13,8;20,8;0
1,8;16,6;0
-1,2;21,7;0
1,5;15,9;0
-0,5;16,4;0
-0,8;18,7;0
-0,5;19,7;0
12,9;16,9;0
8,9;15,4;0
5,5;11,7;0
8,2;10,3;0
7,1;10,1;0
5,5;10,5;0
3,1;12;0
5,3;14;0
-1,5;14,4;0
-0,8;15,5;0
7,1;12,8;0
-0,4;9,7;0
5,7;8,4;0
4,5;12,6;0
6,1;15;0
4,4;18,5;0
-0,2;18,9;0
2,3;19,1;0
3,1;18,1;0
2,4;19;0
5,5;17;0
11,5;14,2;0
13,3;18,2;0
6,4;15,6;0
10,7;13,9;0
7,8;14,3;0
7,1;14,1;0
4,5;14,1;0
6,7;10,1;0
5,2;13,4;0
-1,5;10,2;0
5,9;10,8;0
3,6;11,1;0
5,6;11,7;0
3,5;6,8;0
-4,3;9,8;0
-5,2;11,3;0
-5,3;11,1;0
-2,6;12,6;0
-3,4;11,5;0
3,7;5,2;0
2,9;4,8;0
3,9;10,1;0
4,3;11,5;0
3,3;11,2;0
4,2;11,7;0
2,6;11,5;0
8,1;11,4;0
7,3;9,2;0
1,9;8,1;0
1,7;7,5;0
-1,5;2,5;4
0;4,1;3
-0,6;2,7;2
-1;1,1;6
-2,9;4,2;5
-5,2;4,1;4
3,6;7,2;0
3,9;6,9;0
2,5;6,1;0
-2,8;5,5;0
-4,7;2;0
-2,6;2,7;2
-1,7;3,5;0
-1,7;1,2;0
-1,9;1,7;0
-2,7;2,6;0
-0,2;6,4;0
1,7;6;0
-1,3;3,9;0
3,9;9,1;0
4;8,5;0
-2,9;4;0
-0,7;6,5;0
0,6;6,3;0
-3,4;0,6;0
-7,1;-0,3;0
-2,6;-0,2;0
-4,2;-2,1;4
-8,7;-2,9;3
-6,2;-2;5
-2,1;-1;7
-2,4;-0,7;7
-2,9;-0,6;6
-9,1;-1,8;6
-3;0,4;7
-2,8;-1,1;7
-4,9;-2,1;7
-10,8;-4;7
-16;-3,1;7
-11,3;-3,2;7
-8,8;-6,2;6
-6,2;-2,8;7
-19,3;-4,6;7
-15,9;-8,6;7
-14,3;-10,2;8
-13,1;-10;8
-16;-12,8;8
-24,9;-13;9
-25,3;-19;9
-19;-6,2;9
-8,2;-3,1;8
-9,2;-5,7;8
-16,6;-3,6;10
-14,6;-9,1;9
-16,2;-5,7;12
-6,1;-2,9;12
-11,7;-6,1;15
-7,5;-3,2;18
-8,6;-4,8;17
-25,2;-8,5;16
-24,6;-14,1;16
-20,6;-8,8;16
-22,2;-11,8;14
-20,6;-18,7;15
-20,5;-10,5;15
-15;-8,3;15
-16,4;-8,1;16
-22,4;-14,7;16
-17,8;-16,1;17
-19,1;-13,8;17
-19,5;-12,3;22
-28,1;-19,3;22
-30,8;-24,7;22
-30,8;-17,7;22
-22,2;-15,9;22
-18,9;-9,9;21
-15,9;-9,6;21
-29,6;-15,5;21
-30,9;-11,3;21
-20,7;-11,1;20
-13,3;-9,8;24
-13,5;-7,4;24
-11,1;-8,5;24
-18,9;-9,9;24
-22,7;-15,5;25
-22,4;-13,6;25
-24,7;-8,2;26
-8,2;-6;27
-8,9;-3,6;31
-9,1;0,7;32
-0,9;0,7;33
-2,7;0,1;34
-3,3;0,1;34
-6,6;-3;39
-19,4;-6,6;41
-30,4;-18,5;41
-29,9;-10,2;40
-10,2;-5;44
-5,1;-2,4;43
-4,9;-2,5;41
-6,9;-4,8;40
-13;-6,3;40
-9,6;-5,3;44
-9,5;-7,3;44
-10;0,2;45
-22,5;-3,5;45
-26,8;-13,8;45
-17,9;-4;44
-4,1;2;44
-1;2;43
-18,4;-0,6;45
-19,1;-1,4;45
-8,1;-1,1;44
-7,9;-0,8;45
-6,5;-2,2;44
-7,9;-2,5;51
-13,2;-7,9;49
-13,5;-10,3;50
-28,3;-10,3;50
-11,6;-1,6;49
-19,9;-7;50
-27,8;-15,7;48
-30,1;-12,8;49
-27,6;-11,6;51
-33,9;-16,3;51
-35,5;-19,4;51
-30,4;-17,4;51
-34,2;-19,3;51
-33,3;-18,4;50
-35,9;-19,6;51
-28,9;-13,2;50
-19,3;-12,1;54
-28,7;-12,4;53
-28,1;-13,7;55
-30,6;-14,6;53
-32,3;-16,3;53
-23,1;-9,6;53
-9,7;-0,1;54
-1,5;1,3;53
-5,5;1,2;52
-8;-2,9;52
-5,5;5,8;52
-0,9;4;51
-2,4;4,4;52
-4,7;2,6;49
-11,2;-2,2;49
-16,4;2,3;50
-3,3;5,1;50
-1,4;2;49
-0,7;1,9;51
-1;1,5;62
-7,8;0,4;60
-11,4;0,4;59
-12,9;-1,2;60
-19;1;62
-20,5;2,4;61
-18;2,1;60
-5,4;3,3;61
-3,1;1,2;60
-14,6;3,4;63
-3,2;6,7;62
1,5;5,7;59
-7,5;2,1;57
-12,5;-1,7;60
-11,5;-4,6;59
-11,6;-0,9;59
-16,6;-0,1;59
-8,5;-1,6;67
-24,7;0;66
-25;0,7;66
-14,1;4,5;65
-11,4;4,1;64
1;3,6;63
2,7;6,2;54
1,7;4,7;43
0,6;10,5;35
-1;3,9;31
-0,3;8;29
-1,7;3,8;28
-1,8;6,4;27
-1,1;5,6;24
-2,3;4,8;23
1,3;5,5;20
0,3;5,5;18
-1,6;10,1;15
-0,8;11,1;11
2,9;11,4;8
3,3;10,8;2
1,8;9,4;0
-1,2;7,6;0
-6,8;6,6;0
-2,9;8,2;0
-2,6;13,1;0
-4,6;15,8;0
-4,3;18,3;0
-3,9;20,1;0
3;13,5;0
-3,7;11,3;0
-3,2;12,7;0
-3;12,6;0
-2,7;8,5;0
-5,7;9,1;0
-2,5;7,1;0
-3,5;5,9;0
-2,8;10;0
-5,1;11,1;0
-5,5;13,7;0
-2,1;14,8;0
-3,9;18,5;0
0,2;22,6;0
-0,7;17,6;0
-3,8;20;0
7,1;18,1;0
2,4;15,7;0
1,4;14,8;0
-3;15,7;0
4,7;14,4;0
5,3;13,9;0
5,6;11,9;0
-1,8;15,1;0
2,6;16,8;0
-0,8;17,4;0
3,4;20,8;0
0,6;20,7;0
4,9;16,7;0
7,9;16,3;0
5,2;12,7;0
-3,9;16,5;0
7,9;14,6;0
6;14,3;0
6,6;14,8;0
4,9;22,6;0
10,3;23,1;0
7,3;16,6;0
7,9;17,5;0
7,1;23,6;0
0,1;15,7;0
-1,3;23,8;0
13,7;29,1;0
17,2;29,7;0
9,1;30,1;0
10,4;30,9;0
10,6;29,5;0
11;25,7;0
6,7;16,6;0
2,2;15;0
6,5;21,1;0
5,8;21,8;0
7,9;18,7;0
4,9;20,3;0
6,8;20,1;0
12,1;15;0
10,5;18,9;0
10,2;16,2;0
6,5;20,8;0
12,5;16,7;0
6,7;21,5;0
11,7;18,9;0
8,7;23,2;0
6,1;25,2;0
10,3;29,4;0
10,9;28,8;0
9,5;29,7;0
16,9;26;0
13,3;21,7;0
10,7;19,7;0
7,3;19;0
12,6;21,7;0
9,2;26,7;0
10;29,2;0
14,3;30,4;0
16,1;25,1;0
12,1;25;0
10,3;17,9;0
12;16,5;0
7,8;18,2;0
5,3;21;0
11,6;18,8;0
6,9;20,7;0
11,8;22,7;0
14,4;22,5;0
9,8;25,9;0
10,5;22,1;0
18,2;26,6;0
15;29,1;0
16;25,8;0
11,1;23,6;0
11,5;25,4;0
14,1;26;0
8,8;25,2;0
13,1;25;0
11,9;22,6;0
10,5;20,7;0
4,9;17,1;0
0,8;21,2;0
3,6;23,7;0
13,1;22;0
9,9;17,3;0
10,9;14,5;0
13,1;18;0
13,1;17,9;0
11,9;20,9;0
7,9;14,3;0
10,8;14,4;0
2,5;17,2;0
1,7;20;0
2,7;22,1;0
5,3;21,2;0
13,3;21,8;0
13,7;16,4;0
12,6;13,7;0
12,3;17,2;0
8,7;18,3;0
12,4;19,2;0
10;19,3;0
13,4;18,9;0
11,2;21,4;0
7;22,1;0
13,5;19,1;0
16,1;23,2;0
13,9;27,4;0
12,1;19,9;0
5,9;15,1;0
7,6;16,9;0
5,4;13,9;0
11;14,5;0
9,2;13,1;0
8;17,9;0
8,4;21,4;0
11,9;20,7;0
9,2;17,6;0
12,2;15,4;0
8,6;18,4;0
9,6;17,8;0
10;17;0
9,9;16,4;0
12,5;16,5;0
12,3;16,8;0
11,8;14,3;0
8,3;14,6;0
4,6;12,5;0
-0,6;14,3;0
-2,8;14,5;0
8,3;13,9;0
6,6;13,1;0
9,4;11,7;0
6,4;10,4;0
6,2;8,4;0
5,8;10,2;0
1,6;14,1;0
8,5;12,7;0
5,2;12,3;0
1;10,5;0
8,9;14,3;0
2;11,3;0
-1,9;12,2;0
-1,1;13,2;0
1,3;9,8;0
4,1;10,5;0
2,5;11,4;0
6;12,5;0
0,5;10;0
-1,1;6,7;0
1,7;7,8;0
3,9;8,2;0
3,4;4,8;0
1,7;5,5;0
-4,1;5,4;0
-1,8;8,5;0
1,9;9,8;0
0,3;7,9;0
5,7;9,5;0
3,9;9;0
3,6;6,4;0
1,3;7;0
-2,1;3,6;0
-1,3;4,5;0
4;7,2;0
4;5,6;0
4,2;5,3;0
1,5;4,2;0
2,1;7;0
3,8;8,1;0
3,2;8;0
2,7;8;0
-1,5;8,7;0
6,1;10,6;0
-2;6,6;0
1,6;6,8;0
5,3;6,8;0
5,7;6,9;0
4,8;6,9;0
-1,9;9,2;0
-5,2;3,3;0
-2,6;5,5;0
1,7;6;0
-0,8;1,9;0
1,1;3,8;0
-0,3;5,7;0
-6,7;0,9;0
-0,2;5,1;0
-4,8;5,4;0
-5,8;3;0
-5,7;4,1;0
-12,9;-3,7;0
-6,2;2,5;0
-1,8;-0,2;0
-1,7;3,3;0
2,2;5,1;0
-1,7;6,9;0
1,1;7;0
-3,3;3,2;0
-3,9;0,4;0
-9,3;-1,3;0
-1,4;6;0
-1,1;4,5;0
0,5;5,5;0
-4;0,6;0
-2,6;1,9;0
-2;1,5;0
-6,7;-1,9;2
-6,5;-0,6;3
-1,5;0,9;6
-3,5;0,5;6
-1,2;0;9
-1,6;-0,5;9
-9,1;-1,5;10
-4;0,9;9
0,4;2,3;8
0,3;2,6;5
0,8;1,8;3
-0,6;1,4;3
-0,5;1,3;6
-0,3;1,2;9
-0,7;0,6;10
-1,8;0,4;9
-2,2;-0,8;7
-1,8;1,5;10
-1,1;2,7;6
-6;2;6
0,2;3,3;6
-0,2;4,3;4
-3,7;1,2;5
-4,8;1,8;11
-2,1;1,4;8
-4,4;-2;8
-8,2;-3,8;8
-4,4;-2,1;8
-3;0,4;8
-0,8;0,4;10
-2,6;-0,1;9
-5,7;-0,8;9
-23;-5,7;11
-10,6;-2,3;12
-14,4;-4,5;12
-20,1;-8,8;13
-8,9;-2,7;15
-5,1;-2,1;15
-6,2;-2,3;28
-12,1;-6,2;26
-14,6;-9,3;25
-15,5;-6,7;25
-8,1;-5,8;27
-9,9;-5,3;26
-6,1;-4,6;26
-7,1;-5,6;25
-8;-4,6;25
-8,6;-5,2;26
-13;-6,6;27
-20,3;-7,7;28
-23,2;-12,3;28
-20,9;-10,7;28
-15;-9,2;27
-16,7;-14;27
-25,4;-16;26
-25,5;-20,5;27
-25,6;-17;26
-28,3;-18,8;26
-33;-23,4;27
-34,6;-23,2;26
-33,8;-24,2;27
-31,2;-21,5;27
-21,5;-4,8;29
-26,8;-4,1;28
-30,3;-17,5;28
-28,6;-17;28
-18,4;-4,9;28
-5,2;-3,9;29
-4,9;-3,6;30
-9,4;-3,9;31
-11,8;-4,2;31
-6,8;-4;33
-9,6;-4,9;35
-6,8;-1;37
-4,9;-1,2;37
-6,5;-4,9;44
-8,1;-1,6;38
-9,4;1,4;40
-7,1;-0,6;43
-4,6;-1,3;45
-6,3;-4,5;44
-7,2;-4,9;44
-14,8;-5,4;45
-23;-5,2;44
-16,7;-4,4;48
-12,5;2,1;48
-6,9;5,9;48
-0,4;4,5;45
-6,2;1;44
-20,1;-0,9;44
-22,9;-0,8;44
-23,6;-3,7;44
-20,8;-3,1;43
-11,6;-2,7;44
-7,3;0,2;44
-0,2;5,7;43
-2,9;3,3;43
-0,4;4,3;43
-2,6;2,2;46
-4,2;0;43
-13,4;0,1;43
-1,2;7,8;43
-1,8;5,4;40
-5,3;3,6;38
-5,4;0,7;38
-9,1;3,6;38
-9,9;1,8;39
-4,1;7;39
-0,5;4,5;37
-4,5;3,3;35
-3,3;2,1;35
-3,9;3,5;35
0,1;3,5;33
0,6;6,2;32
-3,3;4,6;30
-5;-0,3;29
-13,2;-0,1;28
-13,1;-0,3;28
-11,4;-0,6;28
-16,1;-1;28
-13,5;3,1;28
-1,5;2,5;29
-5,1;0,5;29
-13,2;0,8;28
-16,1;3,4;29
-14,3;3,3;28
-3,8;3,6;28
-0,4;6,5;29
2,9;9,4;26
0,7;6,3;21
-0,1;4,2;19
0,1;3,3;18
-0,7;3,4;16
-0,9;2,1;15
-1,9;2,7;25
-2,2;5,1;20
-7;4,2;19
0,3;4,8;17
1,2;9;14
0;12,1;9
4,2;8,6;0
1,6;11,1;0
-2,4;9,4;0
4,3;9,1;0
5,1;14,1;0
0,9;8,9;0
-3,6;12,8;0
1,5;9;0
-0,6;10,8;0
0;7,9;0
-3,2;8,6;0
2,3;6,2;0
2,4;10,2;0
-4,3;12,4;0
-3,4;13,3;0
-1,6;15,9;0
7,2;12,1;0
7,2;10,2;0
2,9;9,4;0
-1,4;10,7;0
-3;13,2;0
8,1;14,3;0
0,9;18,9;0
7,8;19,5;0
6,6;16,3;0
5,5;15,3;0
3,6;15,1;0
4,9;13,6;0
-2,1;14,9;0
1,1;17,1;0
-0,2;19,6;0
0,7;23,5;0
5,9;17;0
2,2;22,4;0
8,3;19,9;0
2,4;10,7;0
3;11;0
-4,3;11,6;0
0,5;9,6;0
4,6;12,4;0
8,6;13,2;0
6,6;13,4;0
7,4;12,1;0
1,4;16,1;0
1,1;15,5;0
5,2;16,4;0
-1;15,2;0
6,9;17,7;0
7;17,9;0
8,2;19,5;0
4,7;18,1;0
2,6;22,3;0
7,4;18,6;0
1,5;22,4;0
11,8;21,3;0
8,9;20,3;0
7,9;19,2;0
11;16,6;0
7,4;16,3;0
6,6;16,9;0
1,7;19,6;0
5,4;17,7;0
10;17,9;0
10;17,3;0
7,8;14,5;0
6,3;12,7;0
0,6;18,3;0
10,2;16,5;0
10,3;22;0
12,9;21;0
11,5;19,8;0
3,9;21,4;0
5,8;24,5;0
7,7;26,8;0
11,1;25,1;0
16,8;21,9;0
16,5;20,4;0
12;19,1;0
13,1;20,7;0
11,5;21,5;0
14,1;21,6;0
11,9;20,1;0
9,5;22,5;0
11;22,5;0
9,7;18,8;0
6,7;21,8;0
11,6;17,6;0
11,6;16;0
8,4;15,4;0
6;17,6;0
7;19,5;0
11,2;23;0
11,8;21,2;0
12,2;19,9;0
4,2;21;0
5,2;25,3;0
11,9;28,5;0
11,2;28,9;0
14,1;23,4;0
9,4;19;0
6,3;19,9;0
13,6;17,5;0
14,9;18;0
12,4;18,9;0
13,2;21,7;0
10;19;0
8,6;13,2;0
5,3;12,6;0
7,4;15,6;0
3,5;18,7;0
12,4;18,7;0
6,4;23;0
5,4;23,2;0
6,3;24,3;0
7,8;25;0
6,4;24,3;0
6,4;23,8;0
10,8;16,9;0
1;15,9;0
-0,2;17,6;0
9,7;16,5;0
5,3;15,9;0
9,5;14,4;0
3,6;18,4;0
4,2;18,9;0
11,2;19,2;0
5,5;19,9;0
11,4;17,2;0
9,6;17,8;0
8;16,9;0
9,2;15,5;0
7,5;12,6;0
10,3;16,7;0
0,9;17,4;0
9,3;17;0
6,8;13,2;0
4,6;11,4;0
1,1;10,7;0
-1,3;12,2;0
-2,9;13,7;0
10,4;15,9;0
11,4;17,9;0
3,5;14,6;0
3,8;12,1;0
9,5;14,2;0
3,3;18,1;0
8,6;13,4;0
7,2;14,8;0
8,6;14,5;0
6,5;12,3;0
3,5;10,8;0
1,1;10,9;0
7,1;9,9;0
3,4;10,4;0
-1,4;8,4;0
1,7;9;0
5;13,6;0
0,3;10,6;0
-1,9;9,9;0
7,7;11,7;0
7,3;12,6;0
8,4;12,5;0
5,4;14,2;0
1,7;11,6;0
4,6;11;0
5,5;11;0
4,1;8;0
2,5;8,5;0
1,4;6,6;0
3,6;8,4;0
1,4;6,9;0
-0,2;6,5;0
2,3;5,2;0
0,5;5,6;0
-2,8;5,4;0
-3,2;7,8;0
1,5;5,2;0
3,2;7,2;0
4;8,7;0
-2,8;5,8;0
-4,1;4,1;0
-6,2;1,6;0
0,4;3,7;0
0,5;6,1;0
-2,3;1,6;0
-9,8;-1,5;4
-11,4;-2,1;2
-4,2;-2;2
-6,4;-1,8;0
-3;1,1;4
-2,5;0,1;4
-1,7;5,1;4
0,9;4,3;0
1,4;4;0
1,4;4,2;0
1,1;3,7;0
-3;2;0
-2;-0,4;0
-3,3;0,5;0
-9,1;0,7;0
-8,6;2,7;0
1;3,7;0
1,4;5;0
-3,2;3,5;0
-6,2;3,3;0
0,1;4,2;0
-2,5;2;0
0,7;4,5;0
4,4;5,9;0
1,5;4,6;0
-0,6;3,6;0
3,6;6,6;0
4,5;7,3;0
4;5,4;0
-0,2;5,4;0
0,9;3,9;0
0,3;1,5;0
-6,9;0,6;0
-9,9;-6;0
-14,8;-9;0
-12,8;-10,5;2
-11,9;-8,7;2
-21,6;-9;6
-24,1;-19,7;6
-23,4;-17,1;5
-21,4;-10;5
-21,8;-12,3;7
-21,9;-7,5;6
-7,5;-5,3;10
-7,4;-5,9;13
-10,1;-6,7;13
-8,8;-5,3;12
-8,8;-1,7;15
-7,3;-1,1;17
-7,1;-4,2;16
-9,5;-4,9;16
-10,8;-9,4;14
-10;-7,7;13
-13,6;-8,4;15
-19,8;-12,9;15
-19,6;-16,8;15
-25,5;-17,8;15
-27;-17,9;15
-26,6;-21,1;15
-22,6;-14,5;15
-19,6;-13,8;18
-19,2;-13,4;17
-13,4;-4,7;18
-8,2;-3;19
-19,4;-7,7;18
-9,4;0,5;21
-1,3;0,7;28
0,1;1;27
0;1,8;24
-2,9;0;21
-4,3;-2,2;22
-15,3;-4,2;23
-21,2;-11,2;23
-13,8;-4,7;25
-6;-4,1;26
-10,1;-1,7;26
-8,5;-3,6;29
-19,8;-5,5;29
-17,2;-7,1;29
-9,2;-5,1;28
-7,8;-5,1;28
-8,6;-6,8;28
-25,3;-7,8;27
-27,6;-21,2;27
-21,4;-8,2;27
-10;-0,8;28
-13,4;-7,6;32
-20,4;-5,7;31
-7;-4,2;31
-17;-6;29
-14,6;-6,6;30
-15,8;-7,3;30
-7,3;-4;31
-4;-2,5;33
-6;-3,2;33
-3,3;1,3;32
-2,3;1;31
-1,7;1,4;37
-4,3;0,5;35
-4,7;-3;35
-7,3;-3,9;40
-5,7;-3,5;40
-6,5;-3,4;39
-17,8;-6,2;39
-19,2;-11,1;39
-21,2;-13,4;39
-21,5;-5,9;39
-5,9;-4,1;41
-7,7;-5;44
-11,5;-5,2;44
-5,2;-0,4;44
-1,9;-0,4;44
-2,2;-1,1;45
-2,2;-0,8;44
-4,6;-0,7;44
-7,4;-2,1;45
-7,9;-3,4;45
-20,5;-4,5;45
-21,1;-2,3;45
-7,5;-1;45
-6,6;0;45
-1,3;1,3;45
-3,5;2,9;44
-1,9;5,2;43
-5,6;6,5;45
0,1;4,5;41
-12,2;0,7;41
-23,2;-7,7;40
-12,9;-6,7;40
-16,3;-6,4;40
-12,9;-3,1;40
-8,8;0,1;41
-11,4;-6,4;40
-17,5;-6,8;40
-23,1;-7,5;40
-24,6;-7,8;40
-18,4;-5,3;42
-24,9;-7,9;43
-15,3;-8,4;43
-26,8;-8,9;40
-27;-2,8;40
-26,1;-3,1;40
-17,5;-4,9;40
-21,9;-4,8;40
-11,7;-4,3;40
-9,7;-2,4;40
-14,3;-5,4;40
-21,5;-1,9;40
-8,1;-1;40
-13,3;1,7;40
-9,1;1,8;40
-19,1;1,1;39
-13,1;2;40
-11,7;1,1;40
-19,3;2,3;39
-11,6;1,5;39
-16,8;3,3;39
-8,9;3,4;39
-14,7;2,3;39
-12,5;3;39
-3,5;3,8;39
-13,3;1,5;39
-16,2;1,4;39
-11,9;2;39
-13,7;1,6;39
-18,1;3,1;39
-12,1;5,1;38
-13,6;5,3;38
-5,1;3,7;39
1;4,2;36
0;7,9;33
3,2;6,7;25
3,6;7,1;15
3,3;6,4;9
2,5;8,4;2
4,4;7,1;0
0,3;7,1;0
-5,2;11,7;0
-2,8;12,7;0
4,1;8,1;0
3,3;11,5;0
0,5;9,8;0
-3,2;9,4;0
0,1;7,6;0
-1,1;9,3;0
-2;12,1;0
2,4;7,6;0
1,1;7,1;0
-4,7;8;0
0,5;8,7;0
0,2;9,5;0
1;8,3;0
-4,2;16;0
5;16,9;0
0,3;12,4;0
-1;10,5;0
6,7;8,6;0
4,3;15,4;0
2,8;15,9;0
2;17,6;0
7,7;17;0
2,2;16,6;0
-2,2;20,5;0
2,9;25,2;0
7,5;25,1;0
8;25,6;0
11,3;23,5;0
10,8;21,1;0
4,9;21,1;0
7,9;19,5;0
3,5;20,7;0
0,8;22,7;0
3,5;23,2;0
14;24,2;0
12,4;24,9;0
4;26,1;0
5,2;28;0
5,5;25,8;0
13,3;25,8;0
13,1;27,7;0
13,7;28,2;0
10,5;22,9;0
9,6;26,7;0
13,3;23,9;0
11;21,2;0
12,3;20,9;0
5,7;20,1;0
3,6;20,7;0
8,3;17;0
2;13,7;0
-2,1;19,5;0
11,8;16,8;0
11,8;17;0
7,9;20,3;0
9;17,7;0
7,8;15,4;0
2,3;18,9;0
3,9;17,5;0
11,2;20,7;0
11,2;22,6;0
15,5;22,7;0
8,8;25,9;0
11,8;24,8;0
13,2;27,4;0
16;27,8;0
15,8;21,6;0
10;25,2;0
14,3;21,7;0
14,7;19,1;0
11,5;18,5;0
10,8;19,5;0
6,3;21,5;0
11,7;23,7;0
14,2;21,1;0
6,8;23,9;0
12,7;20,4;0
5,7;17,8;0
12,4;19,8;0
3,2;16,3;0
2,3;20;0
5,3;22,3;0
12,2;19;0
5,2;17;0
8,3;13,2;0
5,5;15,1;0
2,7;17,2;0
10,7;17,1;0
8,7;17,7;0
8,5;17,9;0
10,8;15,3;0
11,2;22,5;0
12,9;23,4;0
11,4;25;0
4,5;26,2;0
8,3;25,5;0
10,5;26,7;0
10,2;26,4;0
14,7;19,3;0
16,8;22,2;0
13,2;20,1;0
14,4;22,2;0
13,3;23,7;0
8,5;27,1;0
15;25,8;0
7,9;25,1;0
8,3;24,5;0
16,7;20,7;0
12,2;17,6;0
11;21,2;0
6,3;16;0
12;18,7;0
8,6;20,9;0
2,3;18,2;0
12,1;18,3;0
12,7;19,2;0
5,4;18,1;0
13,9;22,2;0
15,2;21,8;0
7,5;23,7;0
4,5;21,9;0
6,6;16,4;0
1,4;15,9;0
0,3;20,1;0
3,3;23,2;0
3,3;22,2;0
9,4;23,9;0
9,2;20,3;0
2,2;16,8;0
1,4;17,7;0
-1,9;19,6;0
2,9;19,4;0
10,5;14,6;0
4,5;19,9;0
7,7;17,9;0
1,9;21,8;0
7,7;21,2;0
8,5;21,3;0
7,9;19,7;0
8,9;20,4;0
1,2;18,1;0
2,3;15,5;0
8,7;18,7;0
4,4;20;0
5,3;21,1;0
8,2;19,2;0
7,4;17,1;0
3,5;17,4;0
10;16,8;0
11,9;17,3;0
11,7;14,6;0
8,7;12,5;0
4,1;12,6;0
3,6;11,4;0
1,2;7,4;0
-1,1;6,2;0
-0,5;6,9;0
4,5;8,6;0
3,1;8,2;0
-3;7;0
-2,7;6,6;0
-3,8;6,7;0
-3,7;11,5;0
5,5;13;0
2,7;12,1;0
6,5;11,2;0
6,9;10,4;0
4,6;14,2;0
1,9;11,2;0
8,4;12,5;0
-0,7;11,3;0
-2,1;10;0
1,6;12,9;0
-3,9;9,2;0
-6,9;7,8;0
0,9;7,5;0
-7,3;4,1;0
-4,3;2,8;0
-4,5;-0,1;0
-7,9;0,4;4
-6,5;2,9;4
-10,7;1,6;4
-12,7;0,4;2
-1,1;9,9;5
6,6;11,9;0
1,7;8,5;0
-2,1;4,2;0
3,4;6,7;0
5;10,3;0
4,4;8,3;0
1,1;5,8;0
-0,9;4,1;0
0,8;4,5;0
0,8;4,3;0
-0,8;3,5;0
0,3;2,6;0
0,1;2,3;2
0,8;3,9;0
-0,9;1,1;0
-1;2,7;0
-0,4;5,6;0
1,4;5,3;0
-3,6;2,6;0
-2,2;4,4;0
1,5;4,6;0
-6,6;2,9;0
-5,8;4,3;0
3,2;5,2;0
0,4;9,1;0
-3,3;5,2;0
2,9;5,4;0
-5,2;3,7;0
-11,1;-4,2;0
-4,2;-0,5;7
-3,8;0,8;6
-5,3;0,5;11
-10,2;-2;9
-14,3;1,1;9
0,2;5,8;8
-1,3;3,5;3
-12,1;0;4
-12,4;-0,8;6
-9,3;0,3;14
-15,4;-2,7;15
-2,7;5,4;15
-7,1;0,6;11
-7,3;-1,5;12
-4,3;-1,9;13
-8,8;-2,8;25
-17,9;-7,4;22
-20,9;-8,7;22
-13,1;0,1;21
0,1;7,3;21
2,7;6,2;13
-6,5;3;11
-15,3;-2,9;10
-9,8;-0,4;12
-0,4;3,2;15
-0,8;3,5;9
-4,2;0;8
-5,7;0,2;9
-0,2;2,1;16
-0,9;1,7;14
0;2,4;16
-0,5;2,4;14
-1;0,8;16
0,1;4,8;16
2,8;5;7
-0,2;2,9;4
0,3;5,4;4
3,5;5,5;0
-0,8;3,7;0
-0,9;1,6;0
0,1;2,6;2
-0,2;1,3;0
-1,1;0,3;0
-1,3;0,6;0
0,3;0,7;0
0,1;1;0
-0,3;2,3;2
1,4;2,6;0
0,6;2,6;0
-9;0,6;0
-16,5;-9;5
-17,2;-11,1;5
-21,2;-13,2;6
-23;-13;6
-20,6;-10,8;6
-24,7;-18,7;6
-23,5;-16,4;6
-26,3;-18,8;6
-26;-20,1;6
-24,8;-11;7
-17,1;-9,1;9
-19,8;-14,5;9
-23;-13,6;8
-13,6;-5,4;9
-5,9;-4,8;9
-5,3;-3,1;8
-12,9;-3,4;8
-13,5;-8;8
-16,6;-11,8;8
-19,9;-14,6;8
-21;-14,4;8
-14,8;-7,2;11
-7,4;-4;12
-4,4;0,8;14
-0,1;1,1;13
-2,5;-0,1;12
-6,3;-2,4;13
-6,7;-3,6;13
-3,7;0,7;12
0,5;2;15
0,9;2,1;12
0,1;1,5;10
-0,7;0,8;12
-0,4;0,9;11
-0,7;0,9;12
-0,9;0,5;11
-1,9;0,9;17
0,6;2,1;13
-0,2;1,1;14
-8,7;0;15
-9,8;-4,9;16
-6,4;-3,4;16
-3,5;1,2;15
0,7;3,3;14
2,8;6,1;8
3;5,7;0
-1,5;4,2;0
-2,2;0,2;0
-0,9;1,1;0
-1,3;0,6;0
-4,9;-0,1;0
-0,8;0,6;0
-0,3;0,4;0
-0,3;2,5;2
0,4;3,9;2
1,4;3,7;2
2,6;5,4;3
0;6,2;3
3,7;7,3;2
1,1;5,3;2
0,8;9,2;2
2,7;8,7;2
1,3;5;2
-7,6;2,1;2
-6,5;-1,7;4
-16,2;-1;4
-17,4;-0,9;2
-8,1;-3,8;9
-13,1;-2,6;7
-4,4;3,8;9
-4,3;7,2;6
-1,9;3,5;3
-0,1;7,6;5
-4,4;4,9;3
-10,3;7,5;3
-1,9;9,1;3
-7,8;8,5;2
-3,5;8,3;3
-1,9;3,7;3
-9,6;2,2;3
-3,5;2,6;3
-4,4;4,4;3
-6,6;3,9;3
-7,3;3;2
-3,2;5,6;0
-2,7;5,3;0
-11,4;6,2;0
-8,8;4,3;0
-11,7;4,6;0
-6,6;6,7;0
-0,9;5,3;0
-0,6;11,6;0
3;8,7;0
2,7;7,6;0
0,4;5,8;0
-4,8;8,9;0
0,9;10,6;0
1,9;8,9;0
-1,8;13,3;0
4,2;13,1;0
-0,6;16,4;0
-3,3;9,2;0
-3,9;6,1;0
-8,1;11;0
-4,8;15,9;0
-4;16,4;0
-4,3;14,9;0
0,4;12,9;0
-1,9;8,2;0
-0,7;5;0
-6,6;6,3;0
-9,3;6,9;0
-6,4;8,6;0
-5,6;4,5;0
-7;8,2;0
-7,1;7,2;0
-7,7;7,5;0
-6,4;11,7;0
0,1;8,8;0
5,9;8,8;0
2,7;6,7;0
-1,7;11;0
5,6;13;0
2,4;7,8;0
-5,1;11,6;0
3,9;14,2;0
4,5;21,7;0
6;24,1;0
3,4;29,3;0
14;22,4;0
4,4;23,2;0
6,1;26,1;0
8,2;28,9;0
13,7;29;0
8;22,6;0
3,2;9,9;0
2,3;8,9;0
5;15;0
3,9;16,5;0
8,4;13,1;0
6,1;16,3;0
7,8;13,3;0
-1;16,9;0
1,4;23;0
14;23,6;0
14,8;28,8;0
13,9;26,5;0
11;24,3;0
12,6;22,6;0
10,8;18,1;0
7,7;16,9;0
3;21,8;0
12,1;17,6;0
7,9;16;0
3,7;14,3;0
0,3;15,7;0
4,4;13,5;0
0,7;10,5;0
-0,1;15,5;0
6,9;13,6;0
-0,3;12,1;0
3,8;11,3;0
0,7;12;0
2,2;18,1;0
8,1;14,1;0
4,5;14,4;0
0,7;13,3;0
3;13,3;0
2,4;17,4;0
3,3;19,9;0
4,3;16,4;0
5,6;19,8;0
10,2;16,6;0
9,8;16,4;0
9,2;19,5;0
10,2;22,7;0
6,5;25,4;0
8,3;27,1;0
9,3;27,8;0
10,5;29,2;0
12,3;22,7;0
3,2;24,7;0
6,2;25,7;0
10,8;24,1;0
15,7;28,8;0
15,4;26;0
12,1;22,4;0
11,6;24,7;0
10,7;25,2;0
13,7;25,8;0
10;25,9;0
8,9;26,9;0
8,4;28,3;0
10,5;29,6;0
10,4;29,1;0
11,2;29,8;0
10,3;29,9;0
12;30,5;0
14,5;26,9;0
13,3;24,3;0
6,3;25,7;0
16,6;24,6;0
11,7;23,7;0
13,7;23,8;0
7,7;28;0
17,9;29,3;0
16,2;29,6;0
13,9;28,7;0
14,3;29;0
11,8;26,2;0
13,6;22,4;0
12,7;23,8;0
9,9;24,4;0
17,1;22,4;0
8,1;21,7;0
9,8;20,5;0
6,6;19,6;0
3;18,6;0
0,8;17,8;0
4,7;18,3;0
11,6;18,8;0
9,3;18,1;0
9,5;17,7;0
7,8;17,9;0
4,1;16,1;0
8,3;17,1;0
2,6;18;0
11,5;15,7;0
12,2;16,4;0
11,8;17,7;0
7,5;12,2;0
6,2;14;0
-2,7;14,8;0
-0,7;14,7;0
8,2;18,7;0
6,1;19;0
9,7;20,4;0
10,2;18,8;0
6,2;18,7;0
3;20,8;0
4,3;18,7;0
5;22;0
8,9;20,7;0
7;18,9;0
7,9;16,9;0
0;18;0
2;17,3;0
-2,6;16,6;0
-1,1;18,1;0
2,9;16,4;0
6,1;17,6;0
4,9;16,8;0
4,4;18;0
7,4;14,9;0
-0,2;8,7;0
-3;5,2;0
0,3;2,9;0
0,5;8,7;0
1,9;11,5;0
5,6;11,7;0
6,3;11,6;0
4,8;11,9;0
0,7;10,3;0
-6,4;10,4;0
-1;10,6;0
-0,7;9;0
0;10,6;0
1,9;8,6;0
-4,4;3,5;0
1,6;5,9;0
0,7;7,1;0
4,6;6,6;0
3,5;5,7;0
3,4;5,3;0
2,2;5,1;0
-2;2,8;0
-4,2;2,3;0
-4,9;2,4;0
-8,5;2,2;0
-9,2;0,6;0
-8,8;2,5;0
1,3;4,2;0
0,2;3,2;0
-5,5;0,3;0
-9,7;-3,6;0
-12,1;-3;0
-6;-0,2;0
-1,1;4,1;6
4;8,9;0
5;11,4;0
2,2;12,2;0
2,9;13,2;0
-6,3;2;0
-8,9;-2,7;0
-3,3;4,7;6
4,7;10,1;0
-0,1;9,1;0
-14,9;0,1;17
-18,4;-9;16
-12;-6,2;14
-7,7;-3,6;13
-4;4;14
3,7;5,9;3
3,2;6,5;0
-2,8;4,3;0
-4,6;-2,7;0
-3,8;-2,2;0
-3,7;-2,5;0
-3,2;0,6;0
-4,7;0,5;0
-3;1,3;0
-0,1;1,6;0
-3;-0,1;0
-3;-1;0
-2,2;-1,2;0
-3,2;-1;0
-2,5;1,5;0
0;2,4;0
1,4;2,9;0
-0,6;1,6;0
-0,1;2,6;0
0,8;2,1;0
-1,7;0,9;0
-4,1;-0,9;0
-4,5;0,4;0
-0,5;4,5;4
-2,2;4,6;0
-1,8;2,3;0
-1,5;2,8;0
-3,4;2,1;0
2;4,5;0
-1,3;2,4;0
-2,8;3,6;0
0,2;2,7;0
-0,1;2,6;0
-1,4;1,2;0
-2;-0,2;0
-2,1;3,5;0
-0,1;2,2;0
-7;1;2
-8,5;-1,5;2
-7,5;0,4;4
-2,4;0,1;13
-4,7;-2,3;19
-6,3;-3,8;18
-16,8;-6,2;17
-20,4;-16;16
-22,9;-6,3;15
-9;-5,4;14
-12,9;-5,7;17
-13,4;-10,6;16
-13,8;-9,2;17
0;2,5;18
1,5;3,5;17
-0,1;3,2;14
-4,7;0;21
-10;-4,5;23
-23,9;-9,9;22
-25,8;-13,4;22
-13,9;0;23
-1,5;0,2;26
-2,7;0;32
-12,8;-2,6;35
-18,8;-12,3;34
-17,5;-14,6;33
-17,7;-11,9;32
-13,6;-1,3;32
-2;-0,4;32
-1,3;1;31
0,3;2,1;30
-2,7;0,7;30
-20,5;-2,4;29
-26,9;-16,7;29
-20,8;-12;29
-23,9;-16,3;29
-27,6;-15,4;29
-15,9;-1,5;29
-1,5;0,2;34
-1,9;-0,8;33
-2,2;-0,1;40
-2,6;0,4;40
-1,2;1,2;40
-1,6;0,1;39
-6,6;-1,6;40
-4;-2,3;44
-9,6;-4;44
-10;-5,4;43
-5,7;-3,6;43
-9,7;-3,3;43
-6,7;0,9;43
-5,1;2,9;46
-18,1;-1,6;45
-18,9;-0,5;46
-0,6;6,2;44
4,9;6,4;40
-1,8;5,3;38
-10,4;-0,1;37
-11,9;-1,5;38
-24,2;-11,4;38
-14,2;-3,4;38
-6,4;0,3;38
-2,7;0,7;38
-2,9;4,3;39
1,4;4,8;34
0,3;2,4;31
-1,7;0,9;30
-3,9;0,7;29
-0,3;1,7;31
0,2;2,7;31
1,4;2,6;29
-0,8;2,1;28
-1,2;1,5;28
0,1;3,6;28
-0,1;2,4;27
0,7;1,7;26
0,1;1,8;26
-0,5;0,8;25
-1,5;1,6;24
-1,7;3;26
1,8;5,5;23
-0,4;5;20
-2,3;3;19
-4,3;2,8;18
-8,7;4,9;18
-5,9;5,8;18
-6,4;7;17
-9,6;7,6;18
-6,1;8,9;18
-5,1;9,4;18
-4,2;6,7;16
0,3;6,3;15
-4,4;3,2;14
-11;-3,1;14
-16,2;-1,9;14
-1,9;1,4;16
-5,1;0,5;21
-19,2;0;21
-16,5;0,7;22
-4,8;4,2;21
-1;2,1;19
0;2,8;16
-0,2;2;16
-0,5;2,9;21
-1,1;3,9;16
-4,5;3,7;17
-0,5;3,8;16
-0,5;5;16
-3,7;6,7;14
-5,5;2,8;12
1,2;9,4;11
2,7;6,3;6
1,8;8,4;2
0,1;9,1;0
-1,6;8,6;0
-1,4;13,1;0
0,3;10,7;0
0,1;5,8;0
-1,1;4,9;0
-1,4;4,7;2
0,2;8,6;0
0,2;9,7;0
-0,9;10,3;0
-1;8,5;0
-0,1;11,4;0
1,7;9,6;0
0,1;7;3
-0,8;8,4;0
-5,9;7,9;0
-2,9;11,7;0
1,5;12;0
-1,9;11,3;0
-5;8,7;0
-1,6;9,7;0
2,7;13,7;0
0,8;10,6;0
1,4;5,8;0
-6,6;10,8;0
-0,5;15,3;0
7,1;16,9;0
9,8;17,7;0
7,7;16,4;0
4,2;12;0
2,5;14,4;0
4,7;13,9;0
7,1;10,6;0
5,8;11,3;0
3,9;7,5;0
1,6;10,3;0
3,7;8,8;0
3,1;11;0
3,4;10,8;0
4,9;7,3;0
-1,1;11,6;0
1,9;16,6;0
3,1;18,4;0
5,2;14,1;0
4,2;13,1;0
1,3;11,2;0
5,9;18,2;0
9;15,7;0
5,4;15,5;0
-0,7;18,4;0
4,3;18,6;0
7,9;16,3;0
3;16,5;0
8,4;17,1;0
7,2;13,1;0
7,1;14,5;0
4,9;14,1;0
4,7;17,8;0
7,3;11,8;0
6,7;13,9;0
6,2;13,9;0
6,7;14,2;0
7;13,4;0
2,3;16,9;0
9,2;15,5;0
-1,6;16,9;0
6,6;9,3;0
5,9;12,6;0
5,7;14,4;0
0,1;18,5;0
3,7;15,7;0
11,1;19,4;0
11,8;21,2;0
9,9;22,5;0
11,4;15,6;0
10,2;18,3;0
11,1;18,4;0
8,7;16,5;0
9,5;16;0
5,9;20,9;0
6,9;23,6;0
12,4;14,6;0
5,3;21,2;0
7,9;20,4;0
13,3;25,7;0
13,5;18,1;0
9;15,7;0
-0,2;18,9;0
11,1;16,2;0
10,2;17,4;0
13,1;15,7;0
10,9;15,8;0
10;18,6;0
8,8;16,6;0
6,1;16,3;0
3,4;16,6;0
0,1;18,2;0
8;19,2;0
6;19,8;0
3,1;21,9;0
10,8;18,4;0
9,1;19,6;0
5,9;19,2;0
6,5;20,1;0
10,8;17,3;0
11,1;17,3;0
10,5;20,3;0
6,2;19,7;0
13,5;19,1;0
12,9;19,5;0
8,2;18,8;0
9,9;21,1;0
8,5;21,4;0
12,9;18,7;0
11,5;16,5;0
7,5;17,9;0
9,8;20,3;0
3,6;23,3;0
13,7;19;0
14,4;23;0
12,3;23,2;0
11,7;20,1;0
4,5;21,8;0
10,5;23,3;0
13,5;18,9;0
8,2;16,6;0
9,1;19,4;0
5,7;19,2;0
0,7;20,7;0
0,8;23;0
0,5;24,2;0
2,2;24,4;0
4,9;24,2;0
7,5;24,1;0
7,3;25,5;0
4,5;24,8;0
1,1;24,7;0
4,3;25,2;0
5,6;24,9;0
11,5;22;0
12,3;17,2;0
9;17,7;0
7,4;19,7;0
3,7;19,6;0
6,4;18,6;0
-1,1;13,9;0
-1,9;15,9;0
2,2;16,2;0
8,8;17,5;0
8,3;15,6;0
5,1;13,2;0
4,3;12,4;0
-0,8;16,7;0
3,1;18,2;0
-0,8;20,7;0
2,8;20,3;0
0,3;19,8;0
2,2;19;0
1;17,1;0
10,3;13,3;0
10,6;14,4;0
12,5;16,6;0
12,5;15,1;0
9,2;14,9;0
7;16,2;0
8,7;11,3;0
7,4;13,3;0
10,3;15,1;0
10;14,8;0
5,6;14,2;0
5,8;13;0
2,6;11,5;0
-2,3;13,4;0
7,8;13,4;0
5,1;12,1;0
6,7;13,8;0
0,5;9,6;0
2,1;12,5;0
-1,7;7,6;0
-6,7;6,2;0
-10,1;6,2;0
-10,9;4,9;0
-10,7;5,2;0
-9,1;3,4;0
-8,2;9,7;0
-2,5;9,1;0
2,3;10,2;0
-3,1;9,7;0
0,2;10,9;0
4,9;10,2;0
5,5;12,1;0
2,8;12,4;0
-0,8;9,4;0
2,5;6,7;0
4,1;7,3;0
6,5;9,9;0
6,2;9,9;0
-1,4;7,6;0
3,3;8,2;0
0,6;8,3;0
-3,1;5,4;0
-5,5;3,3;0
-4,6;4,1;0
-9,8;2,2;0
-3;6,4;0
6,2;10,1;0
7,3;11,7;0
4,2;11,5;0
3,9;8,8;0
-5,3;5,6;0
0,5;6,2;0
6,2;8,5;0
4,2;6,7;0
2;4,3;0
3,2;4,9;0
0,1;3,8;0
0,1;2,2;0
0,3;2,7;0
1,1;5,5;0
0,2;3,9;0
0,3;2;0
0,3;2,2;0
1,6;3,3;0
0,9;1,9;0
-0,2;1,6;0
-2,1;-0,2;12
-5,5;-2,1;13
-10;-2,4;11
-5,7;-1,5;10
-1,5;2,9;8
2;3,2;0
2;6,3;0
4,7;9,4;0
-0,2;4,9;0
0,8;2,7;0
0,1;1,4;0
-1,4;0,5;0
-1,6;0,9;3
-2,9;0,5;4
-0,9;2,9;18
0,6;4,3;11
0,6;2,9;10
-3;2,4;9
-0,8;5,5;6
-0,2;4,6;0
-1;4,8;0
-1,4;0,8;0
-8,3;0,1;0
-12,5;-4,3;0
-16,3;-2,3;3
-16,3;-3,7;6
-17,4;-4,9;6
-4,9;0,2;5
0,1;2;12
0;5,9;9
1,9;6,9;2
0;3,6;2
-1,6;0,1;0
-3,1;1;10
0,8;4,7;3
-4,5;2,7;5
-10,5;-3,1;4
-16,9;-3,4;5
-18,1;-7,8;5
-7,9;-1,5;5
-2,6;0;5
-8,3;-1,5;5
-18,9;-8,3;5
-19,9;-7,5;5
-21,2;-12,2;6
-24;-12,9;6
-30,2;-22,9;6
-31,7;-27;6
-29,9;-16,3;5
-21,4;-14,5;7
-17;-11,2;8
-21,8;-11,6;9
-15,8;-9,8;8
-17,7;-12,7;8
-12,7;-9,4;9
-24,5;-8,1;9
-19,4;-10,5;12
-31,4;-16,6;13
-32,8;-26,1;13
-30,1;-22,1;13
-26,7;-18,3;15
-32;-24,3;17
-29,6;-5,3;16
-6,4;-3,2;15
-4,9;-3,4;15
-7,5;-4,3;16
-7,7;0,7;18
-2,1;1;18
-0,6;1;18
-9,9;-0,6;18
-1;2,6;22
-2,9;1,8;21
-5,6;-1,8;21
-4,4;-1,7;23
-6,9;-2,6;25
-7,6;-4,8;24
-10;-5,1;26
-9,6;-3,9;26
-3,9;3,3;27
2,4;3,5;19
0,1;2,9;13
0,9;2,8;14
0,2;2,5;12
-0,1;0,4;17
-4,5;0,2;20
-5,8;0,8;19
-4,9;-0,1;19
-8,2;-2,2;20
-10,7;0,4;19
-7;0,4;19
-2,6;0,7;21
-2,3;0,2;21
-1,3;0,6;26
-4,9;0;26
-10,4;-4,9;28
-9,1;-1,4;26
-11,2;-1,7;29
-21,4;-4,4;29
-11,4;-5,9;38
-10,4;-5,8;39
-16,5;-3,9;37
-6,4;1,8;35
-9;-3,1;34
-14;-4,5;33
-8,8;-3,5;33
-3,9;-0,6;32
-3,8;0,5;32
-0,8;1;32
0,1;3;32
-1,5;2,1;30
-3,6;1,6;29
-6,9;1,9;29
-4,8;0,1;30
-3,3;-0,6;30
-3,2;4,8;29
-4,9;9,1;29
2,6;8,2;26
-2,4;5,1;22
-7,6;-2,2;22
-13,4;-2,4;22
-13,2;-1,4;22
-18,5;-0,6;21
-19,2;-0,4;21
-11,1;-1,7;21
-10,3;1,8;23
-1,8;2,1;24
0,8;3,8;23
2,2;9;21
2,3;7,4;19
-2,4;10,3;16
1,4;8,3;14
-1,2;2,7;12
-1,4;1,6;12
-4,1;7,6;12
-5,6;8,8;10
-1,1;9,3;10
2;6,4;8
1,2;4,6;6
3,9;8;0
2,7;8,5;0
-1,5;10,1;2
-2,6;8,9;0
0,3;3,3;0
-3,6;7,1;2
-7,5;6,1;0
-5,4;6,2;0
-3,9;5,4;0
-2,1;5,8;0
-3,1;4,8;0
4,6;11,2;0
-3,4;12,2;0
4,3;11,8;0
0,6;15,4;0
1,9;18,8;0
-2,3;14,2;0
-3,1;17,3;0
-2,4;19,4;0
-0,3;18,3;0
-1,2;21,7;0
-0,7;20,5;0
0,8;22,2;0
4,7;16,9;0
0,7;9,7;0
1,5;13,4;0
-4,1;17,8;0
-0,8;15,8;0
3,1;13;0
6,5;9,5;0
6,7;17,7;0
6,4;14,2;0
-0,9;11,8;0
5,1;17;0
3,2;16,6;0
4,9;19,5;0
6,8;18,4;0
2,4;24,8;0
8,3;22,7;0
10;14,3;0
9,3;15;0
7,9;17,1;0
9,1;21,4;0
3,2;22,7;0
5,8;25,9;0
7,2;26;0
8,8;24,5;0
8,1;25,1;0
3,7;19,8;0
3,2;13,2;0
4,2;11,9;0
0,1;14,8;0
-1,7;17,7;0
4;16,3;0
2,8;6,7;0
2,8;12,2;0
2,2;14,2;0
5,1;15,7;0
-0,8;18,3;0
0,2;17,3;0
0,2;22,8;0
6,8;20,9;0
13,6;20,7;0
10,9;20,2;0
10,4;15,1;0
8,5;18,2;0
4,1;23,4;0
10,5;20,6;0
5,8;23;0
7;23,8;0
10,9;20,2;0
11,7;24,5;0
9,8;22,5;0
13,6;21,6;0
9,4;22,8;0
7,4;23,3;0
13;23;0
14,5;25,7;0
13,6;22,8;0
9,4;15,3;0
10,6;12,7;0
10,4;13,2;0
11,7;15,5;0
11,9;17,4;0
12;16,2;0
10,2;21;0
6,5;23,7;0
8,5;22,8;0
8,2;24;0
7,3;24,6;0
10,4;21,9;0
14,4;19,9;0
13;20,7;0
7,5;21;0
4,4;19;0
1,7;22,9;0
5,9;23,7;0
3,8;25,1;0
12,2;26,5;0
13,4;25,5;0
11,3;26,1;0
10,8;28,6;0
14,7;26,4;0
10,4;24,5;0
10,1;25,4;0
9,3;25,3;0
12,1;20,2;0
10,3;22,5;0
8,5;19,9;0
8;17,9;0
3,6;13,2;0
-2,5;17;0
-0,3;17,5;0
3,8;17,8;0
11,4;17;0
7;16,4;0
3,1;17,1;0
4,5;19,1;0
0,4;14,4;0
-2,6;15;0
10,6;16,4;0
7,1;15,9;0
-1,7;14,7;0
9,2;12,8;0
11,5;18,7;0
8,7;16,5;0
0,9;15,9;0
-1,7;17,6;0
7,2;15,8;0
1,5;12,7;0
-3,8;12,9;0
-4,5;13,7;0
1,9;16,3;0
1,1;13,7;0
2,5;16,2;0
2,2;10,9;0
5,5;8,5;0
6,2;9,4;0
6;13,6;0
5,8;14,9;0
3,5;17,5;0
9,7;13,1;0
9,5;13,6;0
9;13;0
5;12,7;0
0,8;11,4;0
-3,1;9,8;0
-3,5;7,8;0
-8,4;9;0
-4,8;7,7;0
-4,3;7,7;0
0,6;5,3;0
-1,9;9,1;0
-4,5;7,1;0
-6,5;3;0
1,4;7,7;0
-1,7;8,3;0
-1,2;7;0
1,8;4,8;0
0,9;6;0
4;6,3;0
3,5;6,7;0
-3,3;7,1;0
-4,8;3,8;0
0,4;1,6;0
0,1;3,6;0
0,5;2,7;0
1,9;4;0
-1;3,3;0
-3,7;-0,6;0
-2,1;3;0
3;7,1;0
1,9;4,9;0
0,4;1,9;0
-3,6;1;0
-1,4;0;3
-1,9;0,4;2
-3,5;-1,2;3
-7,5;-1,5;2
-12,5;-6,4;3
-15,9;-9,5;4
-13,5;-8,3;5
-11,4;-6,7;5
-14,4;-7,3;4
-10,6;-6,2;5
-10;-4,2;9
-5,6;-2,2;8
-7,5;-3,8;8
-12,6;-4,6;4
-5,9;-0,2;8
-0,7;0,6;12
0;1,5;11
0,4;2,4;11
0,3;3,7;10
1,7;3,8;6
1,5;6,1;2
-1,3;6,5;0
4,4;5,7;2
-3,5;5,6;4
-4,3;-2;6
-3,8;0;19
-8,6;-2,3;19
-15,3;-4,9;17
-17,5;-0,4;17
-0,4;1;17
-7,6;-0,2;16
-5,9;-2,7;16
-10,1;-5,4;17
-11,8;-3,4;16
-14,5;2,3;21
-25;-12,4;20
-12,4;1,9;23
-2;-0,1;22
-6,6;0,7;21
-7,2;-3,9;21
-13,8;-4,4;21
-16,2;-3,8;20
-18,8;-5;19
-6,7;-3;21
-6,3;-1,7;21
-8,5;-1,1;20
-10,8;0;21
-4,3;0,1;21
-3,3;0,3;22
-3,6;4,2;20
-2,7;2,2;18
0,7;3,2;17
-2;2,7;15
-5;1,6;15
-1,3;1,2;16
-3;0,1;18
-3,4;-0,4;19
-15;-0,3;22
-7,6;2;22
-2,7;2,9;21
2,3;4,8;19
-11;2,9;19
-13,2;-5,9;19
-13,8;-7,5;19
-25;-13,8;19
-28,5;-21,7;18
-26,3;-12,8;18
-13;-1,2;22
-11;0,1;22
-2,1;2,3;22
-1,4;3;23
0,1;1,6;19
-5,4;0,9;19
-5;-2,7;19
-4,9;-1,2;19
-8,3;-2,7;19
-8,4;-3,9;19
-5,4;-0,4;19
-4,8;2,9;19
0,3;5,4;19
-4,3;0,4;18
-8,3;-1,5;18
-5,7;-0,7;18
-2,3;1,3;18
-16,8;-2,3;19
-14,3;-0,7;19
-0,9;4,4;18
-4;3,1;16
-5,3;3,8;16
-1,5;0;17
-1,4;1,2;17
-12,6;-1,3;16
-8,5;-3,4;16
-8,1;-2;16
-2;-0,9;18
-2,5;-0,8;18
-9,9;-1,6;18
-17,6;-6,5;18
-21,4;-7,8;18
-20,6;-4,3;18
-19,9;-10;18
-19,1;-6,9;17
-10,8;-5,3;17
-7,5;-1,2;18
-1,2;7;19
-1,3;5,9;15
-7,9;2,7;14
-2;1,5;15
-2,4;4,3;14
-2,7;1,5;14
-4,1;-1,6;15
-6,5;-2,8;21
-17,8;-5,2;19
-20,3;-6,8;19
-7,7;-5,1;21
-11,1;-6,2;31
-13,6;-4,5;32
-18,9;-6,6;30
-23,9;-6,4;26
-7,5;0,6;30
0,3;2,3;28
-2;1,5;27
-7,6;0,1;27
-8,1;-3,8;27
-18,6;-3,9;27
-19,1;-2;27
-22,5;-0,8;27
-5,3;0,6;28
-2,3;1,1;32
-3,5;1,5;31
-13,7;2,3;29
-4,7;3,3;29
-4,3;4;28
0;3,7;28
0;4,3;30
-1,8;4,6;26
-0,3;2,7;27
-2;2,9;25
-12,1;2,4;25
-12,2;2,6;25
-7,2;2;24
0,5;2,2;25
-1,2;3,2;24
-5,2;1,2;24
-5,1;5,5;23
-4,7;8,3;22
-0,2;4,6;16
-4,1;-0,1;24
-16;-0,8;22
-17,8;1,3;21
-9,5;4,1;21
-9,1;0,4;21
-2;2;28
-2,7;2,5;24
1,5;9,9;23
2,2;9,2;18
-3,9;5,8;16
-1,5;2,7;15
-5,8;2,6;15
-4,1;5,3;15
1,8;6,3;13
-2,8;3,1;12
-9,2;1,7;14
-5,8;-1,8;14
-14,1;-1,3;14
-12,3;-2,5;14
-12;2,7;15
-8,4;1,5;14
-13,2;4,5;13
-11,1;5,6;13
-4,6;6,2;13
0,8;5,9;11
-1;5,8;9
-3,8;6,5;7
-1,6;8,1;4
-5;7,6;0
-0,2;3,5;6
-0,2;1,6;8
-2,1;4,5;7
-3;5,4;4
-1,2;4,4;8
-0,4;8,5;4
0,4;9,6;3
-0,9;8,4;3
-5,6;11,8;2
2,9;17;0
2,1;12,7;0
-6,8;6,4;0
-3,8;2,8;0
-3,8;4,4;0
-7,2;5,1;0
-4,7;2,5;0
-4,6;5,6;0
-8,5;10;0
0,8;6;0
-1,5;6,6;0
-7,2;14,1;0
-0,9;10,3;0
6;16,4;0
9;13,1;0
5,9;13,1;0
-3,2;18;0
-1;19,1;0
0,7;16,3;0
-2,5;19,7;0
3,4;17,1;0
5,6;11,5;0
-4,2;8,5;0
-0,7;8,7;0
2,4;10,3;0
-0,1;15;0
4,5;11,4;0
0;8;0
1,3;8,4;0
2,3;8,3;0
-3,6;12,7;0
-1,1;16,6;0
9;19,4;0
6,2;25;0
5,9;24,5;0
6;19,7;0
7,8;20,8;0
10,2;23,5;0
11,8;18,3;0
10,8;18,6;0
5,2;19,2;0
1,1;24,2;0
5,6;24;0
7,8;23,6;0
13,2;20,1;0
10,8;18,6;0
5,2;19;0
8;13,2;0
1,8;10,9;0
5,8;10,7;0
-0,1;17,6;0
8,8;16,6;0
9,2;17,3;0
4,5;16,2;0
9,3;15,7;0
1,9;20,8;0
4;23,3;0
7,6;23,1;0
4,9;23,6;0
9,8;24;0
9,9;21,3;0
7,8;13,6;0
5,9;10,5;0
-0,4;19,2;0
0,3;20,6;0
0,9;22,4;0
5,1;24,4;0
7;23,1;0
14,2;18,4;0
13,3;20,1;0
10,4;16,6;0
7,2;18,2;0
1,6;24,4;0
11,1;19,8;0
11,2;16,8;0
9,7;15,2;0
9,8;15,9;0
9,1;18,3;0
9;17,9;0
6,7;19,8;0
11;15,9;0
12,1;18,5;0
9,4;20,9;0
9,7;22,7;0
7,8;23,7;0
13,2;22,9;0
6,5;23,3;0
9,8;23,1;0
11,7;22,7;0
7,1;20,7;0
10,9;21;0
4,2;21,6;0
13,3;18,5;0
11,8;15,4;0
9,5;15,9;0
0,8;19,8;0
9,1;22,1;0
10,7;19,9;0
11,3;22,9;0
11,5;22,8;0
12,2;17,9;0
6,4;17,2;0
5,5;20,6;0
10,4;21;0
11,6;21,3;0
6;22,7;0
13,8;20,1;0
12,1;19,6;0
10,4;19,6;0
5,7;15,9;0
9,8;12,5;0
8,7;15,3;0
4,5;11,2;0
6,3;11,7;0
6,4;11;0
3,2;15,1;0
5,4;14,4;0
10,9;17,1;0
5,2;18,5;0
9,7;12,8;0
-0,1;16,9;0
-0,1;18,2;0
-0,6;16,6;0
-1,1;15,6;0
-3,3;16;0
-0,4;13,6;0
8,3;12,7;0
9,4;14,3;0
10,8;15,1;0
8,2;17,3;0
9,1;12,3;0
9;15,5;0
8,6;14,9;0
5,2;11,2;0
3,7;8,5;0
4,1;10,5;0
4,6;10,5;0
3,6;7,9;0
4,7;6,9;0
5,5;9,9;0
6,9;12,9;0
9;11,2;0
4,1;15,9;0
1,4;18,5;0
1,2;13,1;0
2,3;11,4;0
1,8;11;0
-1,1;6,7;0
5,6;6,7;0
3,8;6,2;0
5,7;7,9;0
6;7,3;0
6,7;11,3;0
5,4;9,3;0
0,8;9,5;0
4,8;8;0
0,6;9,1;0
3,8;8,7;0
5,2;7,4;0
4,4;8,4;0
0,9;6,6;0
5,1;7,2;0
2,6;5,5;0
2,6;5,4;0
5,3;10,5;0
0,7;8,4;0
-1,4;6,3;0
-2;4,8;0
-2,4;4;0
-4,8;0,2;0
0;4,2;0
-8,7;0,9;0
-3,2;-0,5;0
-4,2;1,5;0
-2,8;-0,1;0
-5,8;1;0
-0,1;1,9;0
0,1;1,2;3
-4;0,2;7
-11,9;-0,7;6
-15,1;-4,8;7
-16,4;0;7
-6,3;2,4;10
-0,3;4,3;8
-0,9;5;7
1,5;7,4;0
-1,3;3,1;0
-0,5;5,7;0
2;7,1;0
-0,2;5,6;0
-0,7;3,3;0
0,2;2,8;2
-0,4;1,3;2
-0,7;0,4;2
-1,6;0,4;4
-2,6;0,1;4
-0,9;2,3;4
-2,2;0,1;13
-2,7;0,7;12
-4,7;0,5;12
-4;-1,3;11
-9,1;-4;10
-8,8;-3;10
-3;3,4;16
0,9;2,9;14
-1,2;0,9;13
-0,6;2,2;13
-0,7;2,3;11
-0,6;0,2;12
-0,2;1;13
-2;0;13
-3;0,5;13
0,5;2,2;10
-4,2;1,3;9
-7,9;-3,5;9
-10,5;-3,8;10
-7;-4;10
-4;0,5;17
0,5;2,1;22
-0,4;1,8;20
-1,9;-0,1;19
-3,4;-0,8;19
-4,2;-1,2;30
-2,1;1,1;29
-3,3;-1,3;28
-9,1;-2,9;27
-5,9;-2,6;27
-2,6;0,2;26
-3;-1;25
-1,6;1,6;25
-1,7;1,2;22
-8,6;-0,8;21
-13,1;0,5;21
-5,5;-2,6;31
-10,6;-4,4;29
-8,2;-3,5;28
-8,9;-5,4;29
-5,4;0,2;34
-1,6;1,5;39
-0,3;1,4;35
-1,6;0,2;35
-3,8;-1,5;34
-5,7;-1,5;30
-4,8;0,9;35
-6,2;-0,6;35
-0,9;0,8;36
-3,4;1,2;39
-8,7;-3,2;38
-10,6;-4,9;38
-14,6;-1,4;38
-11,1;-3,6;38
-13;-6,5;37
-10,1;-2,5;37
-2,5;-1,7;37
-3,9;-1,9;39
-8,2;-3,5;39
-9,8;-7,8;37
-13,2;-9,5;41
-15,7;-6,2;40
-21,8;-7,9;40
-22;-10,9;39
-17,9;-10,6;39
-28,4;-14;41
-29,8;-11,8;40
-11,8;-2,9;44
-4,3;3,1;50
-2,4;2,1;44
-2,4;0,6;43
-4,2;-2;43
-10,6;-3,1;42
-10,2;-4,5;42
-15,5;-5,5;48
-17,3;-10,9;45
-14,2;-11,2;49
-23,2;-11,9;48
-27,2;-11,4;48
-24,5;-11,1;48
-28,9;-11,2;47
-14,2;-10,2;50
-24,4;-3,7;50
-5,8;-3;50
-7,9;-4,2;49
-8,8;-6,2;48
-7,7;-3,5;48
-5;-0,6;50
-0,7;1,7;49
-3,2;0,9;48
-16,2;-2,3;48
-19,8;-7,8;48
-20,8;-8;48
-23,7;-9,7;48
-27,3;-12,4;48
-18;-9,9;48
-24,1;-9,4;47
-21,9;-10,4;50
-30,8;-9,7;50
-20,6;-9,1;50
-11;-7;49
-24,9;-10,7;49
-30,5;-11,7;49
-25,8;-7,1;49
-13,5;-4,1;49
-11,1;-5,1;48
-13;-3,7;50
-22,3;-7,3;50
-14,7;-6,7;50
-18,6;-6,8;49
-19,9;-4,7;49
-8,4;-3,4;50
-4,7;0,1;51
-1,6;1,5;52
-17,1;0,4;52
-2,6;-1,1;58
-9,5;-1,7;60
-22,5;-5,4;57
-25,5;-4,9;57
-23;-4,4;57
-7,3;4;57
-7,4;1,1;54
-15,5;-3,6;54
-21,3;-1,4;56
-4,6;0,3;59
-18,6;-1,9;58
-18,6;0;62
-11,3;-3,4;64
-20,4;-4,9;63
-23,3;-3,7;63
-15,3;-0,4;64
-13,8;0,8;63
-12,1;3,2;62
-16,2;4,3;61
-18,9;4;60
-12,7;2,5;60
-3,4;-1,2;62
-16,3;4;61
0,4;3,6;61
0,4;3,3;56
-3,4;4,8;53
-1,1;5,4;52
-1,6;2,9;52
-5,4;3,4;51
-12,5;7,1;51
-9,8;8,3;49
-10,3;9,9;48
-3,7;11,7;47
0,4;14,4;42
-4;13,9;38
0,9;11,5;33
-4,1;14,7;29
-3,6;9;25
-1,2;8,4;20
-1,1;4,4;16
-0,8;6,5;14
-4,9;9,9;12
2,2;6,6;8
3,3;12,1;3
-1,4;11;0
-1,1;12,7;0
-3,8;13,7;0
-4,3;13,6;0
-3,1;10,8;0
-3,8;10,6;0
3,7;6,9;0
3,6;9;0
2,8;7,9;2
1,3;12,8;0
4,1;19,9;0
-3,2;15,7;0
-3,1;14,9;0
0,9;22,6;0
6,6;22,5;0
2,1;25;0
2,4;26,6;0
2,7;27,4;0
4,3;24,9;0
2,5;26;0
4;27,6;0
7,9;22,2;0
2,1;14,8;0
-2,3;16,1;0
3,9;21,6;0
7;26,1;0
2,2;26,2;0
4,8;18,4;0
-2,8;19,3;0
-0,4;26,5;0
10,8;21,8;0
3,7;15,8;0
-1,1;25,3;0
11,1;25,6;0
8,3;16,9;0
2,9;22,5;0
5,3;22,6;0
2,3;16;0
5,1;13,2;0
5;12,8;0
4,5;10,5;0
2,8;9,8;0
-0,8;14,2;0
-2,7;15;0
7,3;19,5;0
5,4;17,9;0
1,7;14,9;0
5,6;15,6;0
-2,2;20,4;0
14,8;22,7;0
10,2;23,4;0
1,5;24,3;0
9,9;15,9;0
9,8;17,9;0
6,8;19,7;0
9,1;16,8;0
8,8;14,9;0
8,8;19,4;0
3,2;24;0
4,5;20,2;0
9,3;18,6;0
4,3;17,6;0
9,2;15,6;0
6,4;15,6;0
0,7;20,2;0
2,5;23,4;0
13,5;21,1;0
12,5;16,8;0
9,7;21,8;0
13,2;22,8;0
11,3;21,9;0
14,4;22,5;0
11;25,2;0
6,5;24,5;0
6,5;25,6;0
3,6;26,8;0
7,5;26,6;0
11,8;25;0
7,2;29,4;0
9,5;28,2;0
9,9;32,4;0
15,2;30,9;0
12,3;30,3;0
9,1;30,8;0
15,7;27;0
18,4;26,3;0
12,9;28,7;0
10,3;31;0
10,4;32,2;0
15;29,1;0
16,3;28,3;0
16,1;26,1;0
15,4;30,4;0
17,4;32,1;0
18,3;32,3;0
13,2;31,4;0
13,9;30,5;0
15;25,1;0
12,3;23,4;0
6,5;23,2;0
10,9;18;0
5,3;20;0
4;25,2;0
17,5;28,1;0
11,4;29;0
16,3;21,5;0
3,7;19,3;0
9,8;16,2;0
5,1;15,8;0
2,7;20,3;0
2,5;23;0
15,4;24,5;0
13,8;22,4;0
13,2;19,5;0
7,7;17,7;0
5,2;16,5;0
0,8;16,3;0
10,1;17,6;0
4,6;24,2;0
14,1;20,2;0
5,9;18,8;0
6,9;16,9;0
0,2;19,6;0
1,9;21,7;0
2,3;16,5;0
7,6;18,2;0
1,6;20,8;0
10,7;21;0
4,9;22,5;0
7;22,4;0
12,2;15,8;0
12,4;17;0
3,1;18;0
4,1;19,8;0
7,5;20,5;0
11,2;18,7;0
11,7;17,9;0
8,4;12,5;0
9,8;15,8;0
5;15,9;0
6,2;13,1;0
3;13,4;0
1,7;12,8;0
4,8;14,8;0
10,6;15;0
7,8;17,7;0
8,8;15,1;0
9,8;17;0
7;12,8;0
4,5;9,9;0
-2,9;10,5;0
6,8;9,3;0
3,3;7,7;0
-5,2;6,9;0
-5,1;7,3;0
3,8;11,1;0
-1,2;10,6;0
-4;8,1;0
-1,6;5,5;0
-7,9;6,4;0
-2,9;8,3;0
2,9;9,7;0
-6,9;7;0
-7,5;5,9;0
2,4;10,9;0
2,6;10,4;0
1,7;10,4;0
7,7;12,9;0
7,4;15,4;0
13,7;20,6;0
9,5;15,6;0
1,6;10,6;0
-2;10,5;0
3,8;10,7;0
3,7;10,4;0
-3,1;7,2;0
2,6;7,5;0
4,2;7,2;0
-4,9;5;0
-9,6;1,9;0
-1,3;0,4;8
-7,5;1,1;7
-11,4;-0,9;6
-12,9;-1,7;5
-15;-5,4;6
-9,5;0;6
-0,1;4,6;6
2;8,3;0
-3,3;5;0
1,3;8,3;0
-0,6;6;0
3;6,9;0
4,9;6,7;0
3,5;5,2;0
3,4;5;0
4,5;5,8;0
1,6;4,7;0
1,8;3,5;0
3,1;4,3;0
3,5;6,8;0
2,5;6;0
1,4;7;0
5,6;9,7;0
5,2;6,9;0
-4,4;6,1;0
-11,1;-3,4;0
-5;2;0
-11,4;0,5;0
-11;-0,9;2
-11,1;-0,2;3
-8,4;0;3
-10;-2;2
-12,8;-3,4;2
-8,7;-4,6;4
-9,3;-3,2;4
-3,7;1,8;4
1,4;4,3;2
-2,5;3,9;2
-3,6;-1,7;5
-3,5;-1,6;4
-4,8;-0,4;4
-1;1,5;5
-2,3;0;7
-6,1;-0,8;7
-1,6;-0,7;6
-1,5;1,8;15
0,1;1,2;12
-2,1;0,3;11
-2,2;-1,4;11
-6,1;-1,8;11
-4,6;-3,6;11
-3,9;-2,8;11
-9,5;-3;11
-9,4;-5;11
-7,4;-4;11
-9,3;-4,4;12
-8;-4,1;11
-12,8;-7,7;11
-15,2;-10,9;12
-20;-13,1;13
-15,4;-2;13
-2,5;0,1;15
-5,3;0,2;16
-3,3;-0,4;16
-2,2;0,2;17
-4,3;0,7;16
-17;-0,4;15
-19,1;-3,6;16
-3,7;0,7;18
-13,8;-2,2;19
-25,9;-7,6;18
-7,7;-2,8;23
-10,2;-5,9;23
-6,5;-0,3;22
-4,8;1,5;22
-4,8;-2,3;22
-9,5;-3,5;21
-12,5;-3,9;21
-3,9;3,1;21
-6,4;2,5;21
-15,2;-5,4;20
-9,2;-3,9;24
-10,9;-6;27
-10,1;-6,9;30
-16;-7,1;30
-21,5;-15,5;31
-19,2;-9;31
-28,3;-8,8;30
-32,4;-11,7;30
-22,2;-8,8;30
-26,4;-6,1;30
-30,4;-23,2;30
-28,7;-12,7;30
-19,1;-12,8;34
-29,8;-19,2;34
-30,8;-16,1;33
-16,2;-8,4;35
-19,3;-7,7;41
-17;-9,5;41
-24;-8,6;39
-26;-14,2;39
-17,8;-11,3;38
-11,3;-6,3;51
-21,1;-8,2;51
-30,6;-14,7;51
-27,6;-2,5;50
-8,3;0,3;50
-4,6;0,4;55
0,2;1,8;57
-10,6;1,8;51
-19,7;-4,5;50
-14,5;-3,9;50
-9,1;2,7;52
1,4;5;51
-1,1;4,6;50
-8,2;2,8;48
-12,9;1,7;48
1,1;2,2;49
-8,3;1,6;47
-22,5;-7,3;46
-26,8;-4,7;46
-4,7;6,2;47
-1,7;5,7;44
1,5;6;40
-1,2;3,4;38
-0,8;5,4;37
-8,2;4,6;32
-17,5;-3,2;33
-9,7;0;34
-23,1;-6,4;39
-25,7;-8,7;39
-24,1;-9,3;38
-21,1;-3,5;38
-9,5;-1,5;38
-3;2,5;45
-8,6;1,9;45
-11,3;-2,9;44
-8,2;-3,8;50
-15,9;-2,2;50
-25,4;-1,8;48
-4,9;-0,4;48
-1,1;1;48
0,2;1,9;52
0,1;1,4;48
0,3;3,8;47
-1,1;1,5;45
-2,2;0,3;44
-4,3;5,6;45
-0,9;4;43
-0,8;4,1;42
-0,1;3,7;40
-5;1,7;40
-10,9;1,2;40
-14,3;2,7;40
-6,2;8;40
3,7;10,5;34
-0,7;5,1;28
-6,9;2,7;28
-3,6;3,1;28
-1,9;7,7;27
-0,3;9,3;27
0,4;6;25
-0,6;2,8;23
-1,5;12,6;23
-5,6;11,5;21
-0,2;5,7;19
-2,9;1,6;20
-5,5;1,7;20
-9,5;2,6;18
-4,7;6,2;19
-5;7,7;18
-5,8;8,3;15
-7,3;10,3;13
-7,2;13,2;9
-5,9;13,8;3
-7,1;16,4;2
1;10,9;0
-1,4;15,3;0
2,9;14,8;0
3,2;15,7;0
1,6;21,2;0
4,2;20,2;0
-3,2;20,2;0
-3,2;21,2;0
-3,2;17,5;0
-2,2;11,6;0
-2,5;16,9;0
-1,3;16,4;0
3;9,7;0
-0,9;3;0
-3,6;-0,7;2
-3,2;4,9;3
-3,6;7,4;0
-6,5;12,1;0
0,9;12;0
-0,3;8,7;0
-1,8;14,6;0
-1,1;15,1;0
8,3;17,5;0
4,7;12,8;0
3,2;7,7;0
-0,3;10,7;0
2,2;12,9;0
-3,4;16,7;0
-2,8;19,4;0
-1;24,1;0
2,2;26,8;0
9,1;23,1;0
7,5;23,8;0
12,3;19,6;0
4,9;12,4;0
4,7;9,5;0
6,1;10,3;0
4,6;12,7;0
1,9;15,3;0
-0,9;17,3;0
9,1;15,9;0
4,7;16,8;0
4,3;11,7;0
3,8;15,3;0
3,3;13,6;0
-1,4;16,4;0
9,6;22,3;0
3,9;24;0
12,5;30,3;0
12,4;30,9;0
12,9;30;0
16,3;22,4;0
12;19,5;0
6;16,1;0
0,1;16,5;0
2,7;17,3;0
9,4;23,4;0
11,2;22,5;0
2,6;25;0
6,8;26,8;0
11,6;25,1;0
12,9;20,7;0
2,7;22,1;0
14,6;24,7;0
9,7;19,5;0
9,3;17,8;0
5;18,8;0
4,6;18;0
0,1;20,3;0
11,6;17,2;0
5,6;16;0
4,6;18,9;0
6,6;16,8;0
9,9;19,5;0
4,8;17,2;0
0,2;18,2;0
2,6;17,9;0
-1,7;21,6;0
5,2;16,7;0
3,3;20,2;0
9,7;15,6;0
3,8;18,8;0
7,5;20,5;0
7,6;17,2;0
-0,1;18,8;0
3,7;15,9;0
8,3;17,7;0
2,2;17,3;0
10,1;19,8;0
9,9;17,6;0
3,9;20,8;0
3,4;22,1;0
5,2;23,1;0
4,5;27,2;0
7,6;28,4;0
9;28,3;0
8,6;26,9;0
7,8;30,1;0
11,4;30,7;0
11,1;31,4;0
13;25,6;0
1,6;17,4;0
3,3;13,4;0
6,2;14,1;0
4,7;19,2;0
3,3;14,9;0
0,5;13,1;0
-2;15,7;0
1,8;17,1;0
-2,8;18,7;0
-1,4;22,6;0
6,5;21,2;0
1,3;21,7;0
-0,4;21,3;0
7,3;23,5;0
12,5;19,5;0
12,5;19,9;0
9,8;22,6;0
8,2;18,1;0
11,7;20,9;0
6,2;22,9;0
12,1;21,9;0
12,7;19,7;0
9,8;20,6;0
9,8;21,4;0
7,7;18,6;0
2,6;16,2;0
6;16,3;0
0,8;17,9;0
11;17,8;0
6,7;24,6;0
11,1;26,1;0
11,4;26,5;0
14,1;21,6;0
9,9;19,5;0
11,4;23,1;0
13,5;24,6;0
7,7;18;0
2,1;17,7;0
4,1;15,4;0
10,1;16;0
5,7;16,4;0
8,9;17,7;0
4,2;18,8;0
9,9;19,3;0
13,1;21,6;0
11,9;14,8;0
8,1;13,9;0
1,4;13,1;0
0,6;8,1;0
4,6;8,9;0
4,7;12,5;0
-1,4;10,8;0
-2,3;8,8;0
-4,2;10,1;0
-1;7,8;0
-4,4;7,9;0
-5,1;8,5;0
-7,5;8,8;0
-6,9;9,9;0
5,4;11,6;0
6,1;11,6;0
6,2;10,6;0
6,9;9;0
6,8;11,2;0
9,1;10,7;0
2,3;9;0
-3,5;5,1;0
-1,1;3,2;0
-2,9;5,8;0
0,2;7,5;0
-3,4;5,7;0
-1,1;4,3;0
-3,5;4,8;0
-4,5;4,7;0
2;8,5;0
1,7;4,8;0
-0,6;2,8;0
-1,1;5;0
-5,6;3,9;0
-0,3;4,9;0
-2,1;1,6;0
0;4,3;0
4,2;7,7;0
-0,2;5,2;0
-1,2;2,4;0
0,6;6,4;0
2,6;8,6;0
1,6;9,3;0
7,9;10,3;0
0,9;10,3;0
-1,9;1,7;0
-3,3;-1,5;0
-9,9;-0,9;0
-14,3;-0,1;0
-2,6;2,3;4
-2,9;-1;2
-3,2;0,3;2
-8,2;0,3;6
-10,4;-3,7;8
-9,3;-5,6;7
-10,2;-4,8;7
-14;-9,9;7
-11;-5,3;8
-5,6;-3,5;15
-4,9;-3,3;15
-11,6;-3,2;15
-10,8;-1,6;14
-1,6;1,2;16
0,2;2,1;12
0,1;1,4;12
-2;1,1;12
-2,7;0,3;11
-0,1;0,4;13
0,1;3,7;10
3;4,5;5
1,7;3,6;3
0,3;2,1;2
-2,3;1;0
-1,4;-0,7;0
-3;-0,4;2
-0,4;0,3;2
-8,7;0,2;6
-8,3;0,3;7
-5,5;0,1;16
-9,5;-3;19
-9,1;-3,6;20
-5,5;-2,1;19
-12;-1,6;17
-1,6;4,1;19
1,6;3,6;17
-2,2;2,8;14
-2,9;1;14
-2,4;-0,5;14
-2,9;-0,6;22
-14,9;-2,6;22
-10,8;1,7;21
0,4;2,9;22
-0,3;1,1;23
0,2;1,2;22
0;0,8;21
-2,2;0,3;26
-0,5;0,4;25
-2,8;-0,5;24
-4;-1;25
-2,5;0,3;24
0,2;0,6;24
-0,4;0,5;21
-0,4;1,7;21
-1,2;-0,3;20
-2,1;-0,7;20
-4,2;-2;28
-19,6;-4,2;27
-22,8;-6,9;27
-6,9;1,1;21
1,1;5,1;22
-5,2;3,1;17
-5,1;4;16
3;5,6;14
-0,2;5,2;10
-2,2;0,1;7
-14,1;-1,8;7
-4,6;0,8;6
0,7;3,6;10
2,2;4,5;6
0,4;2,9;2
-3,3;0,8;3
-5,6;1,9;3
-0,9;3,3;3
-2,2;0,2;3
-1,1;1,9;3
0,1;3;4
-0,1;1;8
0,1;2;8
0,2;2,5;7
-3,2;1,8;7
-3,4;3,7;7
1,1;7,6;2
-4,2;1,3;2
-7,5;0,9;3
-2,2;2,4;5
-8,7;0,1;6
-15,2;-5,2;6
-16,7;-8,2;6
-8,3;-5,3;11
-5,3;-3;14
-3,3;-2,1;13
-4,9;-3,3;16
-5,2;-2,8;15
-4,6;-0,3;19
-6,6;-2,1;20
-21,2;-6,2;20
-21,2;-1,6;19
-12;-2,9;19
-18,9;-1;20
-4,7;0,8;20
0,6;2;19
1,1;3,6;16
1;3,2;13
-1,9;2;13
-1,4;1,7;13
-5,1;-0,5;12
-7,7;0,6;13
0,1;2,7;16
0,8;6,1;9
1,5;4,9;8
-3,5;1,9;7
-15,3;-3,4;8
-4,6;2,5;8
0,3;4,4;6
-1,1;1,8;9
-1,9;0,9;14
-14,9;0;16
-18,2;-2,3;15
-19,7;-2,2;14
-23,2;-1,3;14
-22,8;-2,8;14
-7;-2,8;16
-7,6;-3,4;15
-12;-1,8;15
-8,8;-0,8;16
-3,9;2,3;19
-3,7;0,9;16
-7,1;3,5;16
-9,7;3,3;16
2,6;4,7;13
1,9;4,9;7
0,5;3,2;6
-0,1;2,3;6
-6;0,6;7
-11,2;-2,6;7
-12,5;3,6;7
-1,7;3,1;6
-3,9;1;6
-2,2;6,3;11
-4,7;4,8;8
-11,6;-0,1;6
-11,4;1,1;7
-14,3;2,2;6
-3,5;5,3;6
-0,3;7,9;6
2;9,2;6
-0,7;7,5;6
-0,3;8,8;6
-1,7;4,8;6
-7;0,3;6
-14,2;0,8;6
-8;1,9;6
-4,9;1,8;8
-13,2;1,1;8
-2,9;-0,1;13
-8,8;1,5;13
-6,4;1,6;12
-12;2,6;11
-0,4;9,4;9
0,2;11,2;6
0,1;6,5;6
-7,4;4;0
-3,3;3,9;2
-8,7;1,4;0
-0,9;3,5;0
-2,3;5,4;0
-2,6;5,7;0
-3,6;3;0
-2,3;4,6;0
0,3;5;3
-2,4;7,7;4
0,8;10,2;4
-3,4;12,5;2
-7,1;10,2;0
-7;8,9;2
-0,3;3,8;3
-3,8;5,1;0
-1,1;6,3;0
-6,2;6,2;0
-3,3;5,2;0
-3,7;5,5;0
-8,4;5,8;0
-7;8,5;0
1,4;11,7;0
4,6;10,3;0
-0,9;10,8;0
-4,6;13,2;0
1,7;10,2;0
-1,1;9,7;0
-4,3;8,8;0
1,6;6,9;0
-6,4;10,5;0
-0,1;4,6;3
-2,3;7,9;0
-5,7;10;0
-6,8;8,8;0
-1,8;7,5;0
-6,8;7,1;0
-1,2;7,9;0
-2,6;12;0
-4,2;10,5;0
-2,3;10,1;0
-0,2;13,2;0
-4,1;16,8;0
-3;20,9;0
-0,9;19,4;0
-1,3;20,2;0
0,2;22,2;0
1,8;18,5;0
4;14,5;0
1,2;14,4;0
-0,3;17,8;0
-0,2;21,2;0
6,1;25;0
10;25;0
4,2;20;0
3,7;22,7;0
11,9;19,5;0
11,8;22,5;0
9;18,4;0
9,9;21;0
7,3;19;0
-0,5;21;0
2,3;23,5;0
3,1;21,2;0
1,4;25,9;0
5,4;27,7;0
6;27,4;0
8,8;23,2;0
5,2;27;0
14,6;22,5;0
13,7;23,8;0
9;22,1;0
4,6;24,1;0
6,6;26,4;0
11;26,5;0
7,1;26,9;0
10,2;32,1;0
12,6;26,9;0
13,3;23,8;0
8,3;22,3;0
11,9;25,3;0
13;19,9;0
12,2;17,2;0
6,9;17,8;0
8,4;16,7;0
5,4;20;0
8;15,9;0
9;18,1;0
9,2;19,1;0
11,1;20,7;0
3,8;19,2;0
4,1;16,8;0
5,2;19,7;0
4,2;19,6;0
8,1;17,6;0
9,5;17,3;0
0,9;21,1;0
10,8;24;0
5,9;24,1;0
12,1;24,3;0
12,1;25,4;0
8,2;25,4;0
11;22;0
10,5;16,9;0
11,4;15,2;0
8;18,4;0
10;17,2;0
7,8;21,8;0
7,1;24,4;0
14;23,2;0
14,4;22,5;0
12,1;20,4;0
10,6;19,3;0
3,4;21,8;0
8,5;21,7;0
5,8;17,5;0
12;19,9;0
8,8;20,5;0
11;17,5;0
5,9;24,9;0
10,1;28;0
14,2;23,8;0
4,3;18,4;0
2,1;17,5;0
2,2;18,6;0
2,5;20,6;0
8,8;19,2;0
13,6;22;0
11,4;17,6;0
0,9;16,6;0
0;20,7;0
3,4;26,2;0
12,5;26;0
7,5;25,1;0
14,4;20,3;0
15,3;20,5;0
9,1;16,2;0
1;17,8;0
0,8;15,7;0
1,9;15;0
-0,8;16,5;0
-0,6;18,2;0
0,7;17,9;0
0,5;19,1;0
-0,6;17,7;0
-2,5;19,6;0
0,3;17,7;0
13,9;20;0
11,8;18,1;0
7,9;17,6;0
6,1;16,9;0
3,6;14,2;0
3,5;16,9;0
7,8;12,8;0
3;13,3;0
2,6;14,2;0
8,4;13,6;0
4,7;13,9;0
3,6;15,1;0
2,7;9,6;0
3,7;10,8;0
-2,3;14,2;0
5,7;13,4;0
-1,4;10,2;0
2,5;12,4;0
1,8;12,5;0
1,3;13;0
11,7;13,8;0
6,3;17,4;0
-0,3;14,6;0
10,3;16,3;0
5,8;18,4;0
4,7;16,5;0
11;13,8;0
3,4;16,6;0
-0,6;15,3;0
4,9;13,9;0
7,4;15,3;0
8,4;12,5;0
5,8;12,6;0
9,6;13,9;0
10,5;14,3;0
9,1;13,4;0
5,7;11,5;0
1,1;9,2;0
-0,6;8;0
1,5;7,3;0
-1,8;5,3;0
-3,5;6,5;0
-3,5;7,2;0
1,2;7,3;0
-4,1;4,1;0
-1,6;1,9;2
-6;0,7;0
-4,4;0,2;0
0,2;4,8;4
-0,6;3,5;0
-0,6;4,5;0
-8,4;1,7;0
1,5;10,7;0
7,6;10,4;0
6,6;8,4;0
6,3;9,1;0
-5;7,6;0
-5,1;1,8;0
1,8;8,6;0
5,3;7,9;0
4,7;10,5;0
1,3;7,2;0
3,1;7;0
3,3;10,2;0
5,3;10,4;0
-2,2;5,2;0
-2,5;5,5;0
-9,9;-0,1;0
-7,6;1,3;0
1,1;4,2;0
2,8;4,7;0
2,2;3,2;0
2,3;4,5;0
2,1;3,6;0
3,2;6,1;0
2,8;5,8;0
-1,2;9,3;0
-2,7;0,9;2
-11;0,2;2
0,1;2,8;9
0,1;3,1;4
-0,7;0,8;3
-3,5;-0,7;3
-2;3,9;3
-3,1;-1,7;4
-7,9;-2;4
-2,2;-0,4;4
-2,8;-0,4;4
-1,1;0,5;4
-7,2;0,4;7
-1,3;1,6;6
-1,8;-0,4;6
-1,3;1,7;10
1,7;2,6;5
-1,5;2,8;0
-5,9;-1,3;2
-5,8;-1,5;2
-3,7;-1,8;2
-6,3;-2,9;3
-6,3;-2,3;3
-4,1;-1;3
-4,5;-2,7;3
-4,1;-0,7;3
-0,7;1,9;3
-10,2;0,1;3
-12,5;-3;4
-3;0,8;5
0,7;4,5;3
4,4;5,5;0
2;4,5;0
-0,8;2,7;0
-2;-0,8;6
-5,4;-1,7;10
-8,5;-5,4;9
-8,1;-0,4;9
-2,5;0;9
-2,5;-0,5;9
-4,2;-1,4;12
-1,5;1,7;10
-3,3;0,3;13
-4,9;-2,7;15
-10,4;-5;13
-18,9;-10,3;13
-20,7;-13,5;13
-20,4;-11,2;14
-16,3;-6,7;14
-8,4;-7;15
-14,5;-8,4;15
-18,9;-8,6;15
-8,6;-6,7;19
-13,2;-6,8;19
-22,3;-13,1;18
-30,2;-22,3;18
-30,9;-7,7;18
-9,9;-4,2;18
-7,5;-2;18
-13,4;-3,1;17
-5,1;-4,2;18
-5,6;-4,1;17
-10,5;-5,6;21
-10,5;-8,6;25
-9,9;1,6;28
-0,5;1,9;28
-3,5;0;26
-3,9;0;27
-6,3;-2,6;28
-13,2;-6,1;31
-16,2;-8,5;34
-11,1;-7,7;34
-10,3;-8,2;36
-22,7;-8,8;38
-26,7;-16,4;37
-23,1;-16,8;38
-26,3;-9,8;38
-27,8;-12;37
-17,8;-9,2;37
-12,7;-6;36
-21,5;-8,4;36
-22,1;-10,7;36
-26,1;-15,7;35
-25,4;-9,4;35
-13,4;-6;35
-14,8;-3,6;34
-24,4;-9,6;34
-17,9;-5,3;35
-22,6;-4,1;35
-30,8;-16,2;35
-27,8;-8,5;35
-9;-6,9;38
-9,2;-7,4;45
-13,5;-7,7;53
-13,6;-11,7;54
-14,5;-12,3;52
-12,3;-4,6;52
-4,6;5;52
-4,1;3,8;51
-4,9;3;50
-0,9;6,8;50
2,5;6,2;49
-1,8;3,8;47
-3;3,1;47
-9,3;-3;47
-18,6;-3,6;47
-15,3;0,2;47
-10,3;-4,8;56
-24,5;-5,6;55
-25,1;-9,5;53
-35,6;-8,3;53
-18,6;-7,8;52
-9,8;-3,6;53
-6;-1,8;53
-2,5;1,7;54
-4,2;1,9;54
-5,9;2,8;51
-6,4;1,8;51
-16;-3;50
-20,8;-3,3;50
-5,6;4,5;50
-3;2,9;49
-10,5;0,4;50
-11,9;8,7;50
0,4;7,1;46
-3,3;7,9;40
-7,1;9;39
-0,6;8,5;38
2;11,9;33
0,2;5,8;28
2,1;7,4;25
0;6,9;23
-2,1;6;21
-1,4;6,5;18
-2,3;5,5;17
0,9;6,9;14
-0,7;4,9;9
-2,5;1,8;8
-3,5;3,9;10
-10,7;4,5;11
-6,5;2,1;9
-0,3;5,1;10
-2,2;7,7;8
-4,8;3,6;6
-0,1;8,3;6
-1,4;5,5;2
-7,4;9,1;0
-6,8;12,6;0
-6,4;14,9;0
-5,4;13,2;0
-5;17,1;0
-3,9;14,7;0
-0,1;13,3;0
-1,2;9,4;0
-0,1;2,4;4
-0,1;4,4;0
0,2;2,2;0
0,1;5,7;0
-6,1;4,7;0
-5,9;6;0
-5,7;6,4;0
-0,6;6,5;0
-3,8;3,9;0
-8,3;8,3;0
-4,6;9,5;0
0,3;9,8;0
-4,2;7;0
-2,1;6,4;0
-3,1;3,3;0
-5,2;9,5;0
-4,8;12,6;0
4;9,2;0
8,2;22,1;0
3,2;27,7;0
3,3;28,7;0
5,9;24,2;0
6,3;23,1;0
8,5;17;0
3,8;23,9;0
10,8;20,6;0
7;14;0
6,9;14,1;0
5,3;9,2;0
2,4;5,4;0
2,1;10,9;0
4,6;8,8;0
1,9;13,9;0
2,2;16,7;0
1,9;10,3;0
-1,3;12,9;0
-2,8;11,7;0
-4,3;19,3;0
4,8;15,3;0
-0,4;21,6;0
0,4;23,6;0
2,6;26,3;0
6,5;27;0
6,2;25,5;0
6,1;26,7;0
8,2;24,3;0
11,7;24,1;0
7,5;23,1;0
7;25,9;0
7,9;27,5;0
14,1;23,8;0
11,8;17,4;0
8;17,9;0
9,9;17,1;0
7,9;13,5;0
-1,3;23,9;0
10,6;23,8;0
9,5;18,9;0
12,2;23,4;0
10,5;30,6;0
11,9;30,6;0
14,7;22,7;0
13,7;23,4;0
6,1;25,3;0
8,5;23,5;0
5,7;23,8;0
4,7;21,5;0
3,7;22,2;0
7,1;20,6;0
2,4;22,9;0
3,5;27,6;0
4,8;29,6;0
10,4;30,6;0
9,6;30,7;0
13;29;0
16,8;27,7;0
18,6;26,2;0
11,2;26,4;0
7,4;28,2;0
15;31,8;0
13;26,5;0
7,2;28,6;0
7,1;28,6;0
11,3;29,9;0
11,3;20,9;0
7,7;23,4;0
10,8;20,4;0
9;18,7;0
10,4;16,5;0
2,2;17,3;0
11,7;18,7;0
8,2;17,4;0
2,2;20,3;0
8,8;24,8;0
8,1;28,8;0
6,2;29,5;0
8,4;30,3;0
8,1;27,5;0
7,4;18,7;0
8,7;18,9;0
4,7;22,2;0
11,3;15,8;0
9,5;15,6;0
9;17,8;0
1;22,3;0
1,5;23,2;0
2,1;23,8;0
12,8;22,1;0
13,3;20,5;0
13,3;22,2;0
9,9;20,6;0
6;21,9;0
3,8;22,6;0
5,7;20,9;0
8,4;17,8;0
5,1;18,4;0
4,3;17,5;0
13,9;19,3;0
11,8;16,9;0
10,6;16,5;0
12,1;17,8;0
9,3;13;0
5,9;10,2;0
-1;13,9;0
6,1;10,5;0
8,2;15,2;0
-0,9;17,5;0
-1,5;19,1;0
-0,6;20,8;0
2;20,4;0
3,6;16,8;0
6,3;13,5;0
2,9;10,1;0
3;11,6;0
1,7;9,9;0
-2,9;14;0
-4,4;15,3;0
3,3;16,3;0
10,4;17,6;0
-0,5;13,2;0
-4,4;16,6;0
5,6;15,2;0
10,2;14;0
5,7;12,7;0
2,9;7,9;0
0,6;9,5;0
-0,4;8,1;0
-1,9;9,4;0
3,5;12,1;0
3,9;10,5;0
-2,6;8;0
-6,4;9,4;0
-6,8;9,6;0
5,1;8,5;0
6,1;11,3;0
5,6;9,6;0
2,9;13,7;0
-0,2;17,9;0
-1,9;14,9;0
-2,3;8,7;0
6,6;10,4;0
2;10,1;0
7,8;14;0
4,9;13,5;0
9,8;13,8;0
9,5;12,6;0
8,5;11,2;0
9,3;13,4;0
2,9;10,7;0
6,3;12,9;0
6,8;11,8;0
7,2;10,8;0
1,1;7,9;0
-4,2;5,6;0
-1,4;5,5;0
5,5;7,9;0
1;7,6;0
1,6;3,1;0
0,5;3,4;0
-6,6;2,5;0
-3,1;2,1;5
1,2;4,9;0
-0,3;1,8;0
-5,9;0;3
-9,1;0,3;2
0,2;5,3;0
4,2;8,5;0
2,7;5,9;0
3,7;7,1;0
6,7;10,5;0
7,3;9,2;0
6,3;8,3;0
6,1;8,6;0
6,5;8,3;0
4,4;7;0
3,7;5,8;0
3,7;6,3;0
0,6;3,8;0
-1,1;1,7;0
-11;-1;0
-13,8;-0,1;0
-0,1;3,4;0
-1,5;4,4;0
-0,2;3;0
-0,5;0,8;0
-8,3;0,4;0
-10,4;3,4;2
1,4;3,7;0
2,7;5,1;0
-0,7;3,7;0
-1,7;0,5;0
-1,1;1,3;2
-11;-0,1;2
-14,4;-4,9;3
-17;-1,2;9
-12,5;0,8;11
-14,7;-6,1;12
-18,6;-8,5;17
-21;-8,3;15
-22,4;-12,7;15
-23,2;-14,8;15
-23,2;-7,5;15
-14,4;-7,4;18
-21,7;-7,4;20
-20,2;-6,6;19
-25,7;-9,1;17
-29,7;-22,6;18
-25,6;-11,5;16
-25,5;-10,6;17
-27,8;-19,7;17
-22;-11,7;18
-13,7;-6,6;18
-6,6;-1,8;19
-3,4;-1,9;20
-2,8;0,4;19
-1,3;0,6;21
-1,7;1,5;21
-1,7;2;20
-3,3;0,4;20
-3,2;3,1;20
-8,1;2;19
-22;-7,9;19
-25,2;-12,4;19
-23;-8,2;20
-17,2;-5,3;21
-19,6;-10,4;23
-20,4;-11,1;23
-25,7;-11;24
-11;-6,1;23
-13,4;-4,5;25
-6,4;-3,4;25
-3,5;-1,2;25
-5,7;-1,3;35
-11,4;-5,8;35
-19,4;-7,8;34
-10,4;-7,7;33
-9;-8,2;32
-9;-5;37
-21,6;-9;36
-19;-8,4;37
-26,1;-9,3;36
-26,6;-17,8;36
-25,6;-10,6;36
-19,9;-3,1;35
-3,1;1,3;37
-0,2;3,4;34
-1,9;0,9;33
-6,3;1,2;33
-8;0,8;33
-4,2;0;34
-13;0,7;33
0,7;4,2;34
-6,9;1,8;34
-8,5;-2,9;34
-22;-7,6;34
-9,2;2,4;34
-0,5;3,8;35
-8,3;0,9;35
-11,2;-3,8;35
-4,5;-1,4;37
-11,9;-2,4;37
-17;-2,2;37
-7,8;-1,9;46
-19,9;-7,8;47
-21,6;-13,9;43
-16;-8,1;45
-26,7;-13,3;46
-26,9;-4,5;45
-4,8;-2,7;47
-3,5;-0,5;46
-1,5;0,1;47
-5;-1,5;48
-9,1;-1,1;52
-8,2;-0,1;51
-8,6;-0,2;50
-14,4;-2,6;49
-19,9;0,1;52
-12,6;1,5;54
-16,6;-2,9;53
-3,5;1,2;61
-3,1;0,9;61
-5,3;-2,3;67
-8,2;-4,4;67
-7;-3,5;66
-7,8;-4,8;65
-19,6;-6,3;63
-24,4;-8,8;63
-8,9;2,2;62
-4,7;3,2;61
-14,2;-3,2;61
-9,7;3,2;60
-3,2;5,9;59
-1,9;3,4;59
-0,8;4,1;58
-6;2,3;58
-18,5;-0,3;57
-14,9;-0,3;57
-8,1;2,2;57
-14,9;-2,6;56
-5,9;-3,6;58
-7,6;-3,6;58
-7,4;3,2;58
0,1;6,3;56
-10,3;9,5;56
-13;6,5;56
-14,8;7,4;55
-9;9,5;56
-13;8,8;55
-4,6;8,9;55
-1,7;2,7;54
-7,4;8,3;55
4;10,3;50
-5,8;10,6;44
-7,5;9,9;39
-8,8;7;38
-0,9;6,8;37
-4;3,3;35
-4,6;-0,7;39
-14,5;-1,6;37
-11,5;-3,6;42
-21,8;-3,5;42
-5,4;-0,7;41
-11,3;0,7;41
-18,1;0,5;41
-14,8;0,8;41
-14,5;1;41
-18,6;-1,4;41
-5,4;-3,5;48
-4,5;-0,8;58
-4,9;3,1;58
-6,3;3,6;56
-1;4,1;50
-2,1;4,5;48
-1,4;4;47
-10;7,3;45
-11,3;8,2;43
0,9;5;42
-4;6,2;40
-6,8;7,6;38
-5,4;11,6;36
-4,2;13,5;34
-3,6;14,9;30
-4,6;16,7;25
-3;15,4;22
-3;11;17
0,8;7,1;11
0,1;9,1;9
-6,4;11,8;6
0;4,6;0
-8,5;3,4;0
-4,7;4,3;0
-9;3,7;0
-5;6,4;0
-6,1;8,1;0
2,2;9,7;0
-1,3;3,6;4
-7,1;6,8;0
-3,9;13,1;0
2,2;15,4;0
3,5;11,7;0
-0,7;8;0
-0,3;12,1;0
4,7;17,1;0
6,7;14,4;0
-0,1;11,3;0
2,7;14,3;0
0,4;18,1;0
4,4;13,2;0
1,9;11;0
1,7;9,1;0
3;12,9;0
-1;13;0
-4,7;17,5;0
3,6;17,7;0
-0,7;19,3;0
-2,5;19,9;0
-1,9;23,5;0
-0,5;24;0
4,8;19,8;0
1,2;15;0
5,4;9,9;0
3,3;18,8;0
2,9;16,3;0
10,1;21,1;0
10;17,2;0
2,9;19,4;0
9,7;15,9;0
7,9;18,2;0
8,6;16,2;0
-1,3;14,4;0
1,1;18,7;0
-0,4;24,1;0
5,8;20;0
4,3;21,3;0
0,6;22;0
11,3;21;0
8;21;0
7,2;21,3;0
2,3;19,7;0
7,5;14,8;0
7,9;17,6;0
0,8;18,7;0
10,5;12,7;0
2,2;19,1;0
1,9;23,3;0
10,5;18,5;0
12,6;21,2;0
7,1;27,9;0
10,3;29,1;0
10;29,7;0
8,5;30,6;0
14,1;26,4;0
16,3;28,2;0
9,7;29,6;0
7,6;30,1;0
16;30;0
17,1;26;0
8,6;26,1;0
10;21,5;0
10,3;20,8;0
6,7;18,7;0
9,5;19,3;0
6,4;21,4;0
10,8;20,8;0
6,6;22,4;0
6,7;25,7;0
15;20;0
16;22,1;0
9,3;18,4;0
5,8;20;0
5;18;0
10,4;18,8;0
7,4;18,9;0
2,7;22;0
5,8;28,1;0
14,4;24,8;0
10,8;20;0
3,7;23,4;0
4,6;24,2;0
15,8;24,5;0
14,5;21,1;0
11,7;17,6;0
10,4;17,8;0
10,9;14,8;0
10,3;22;0
5,2;24,4;0
10;20,5;0
9,2;19,9;0
16,3;23,3;0
13,1;21,3;0
14,3;18,9;0
10;17,1;0
6,8;19,2;0
0;21,4;0
8,4;21,9;0
14;20,6;0
6,4;17,9;0
0,4;19,3;0
4,8;23,5;0
9;27;0
10,5;28,8;0
17;27;0
15;22,4;0
16,3;26,8;0
17,2;26,9;0
17,3;25,3;0
12,6;21,8;0
2,8;22,1;0
4,5;16,5;0
2,7;21,8;0
1,9;23,1;0
4,6;19,2;0
7,2;17,7;0
0,3;18,3;0
-0,2;15,1;0
-2,9;13;0
-3,7;12,9;0
-2,3;12,1;0
4,6;10,9;0
1,9;9;0
-0,9;13,6;0
0,2;14,6;0
-1,4;11,8;0
-7,5;12,1;0
-4,6;14;0
3,4;15,3;0
0,7;13,5;0
5,1;15,4;0
3,8;15,2;0
9,4;14,1;0
9,4;12,3;0
7,4;12,5;0
7,6;10,9;0
3,4;14,2;0
8,7;11,5;0
6,1;9,3;0
-2,2;11,9;0
-1,5;12,6;0
-2;14,5;0
1,1;13,9;0
-0,5;12,6;0
-1,5;10;0
-0,2;11,1;0
5;8,9;0
3,1;9;0
1,2;5,8;0
0,7;10;0
0,6;10,8;0
-1,6;7,6;0
-0,6;11,2;0
-5,6;7,9;0
7,8;13;0
6,6;12,7;0
7,6;12;0
2,9;9;0
4,2;12,5;0
6,3;10,7;0
2,3;8,3;0
-0,8;8,9;0
6,9;9,4;0
6,4;10,7;0
8,5;11,5;0
4,3;9;0
-0,9;6,7;0
-6,8;5,4;0
-4,7;7;0
0,8;4,7;0
3,5;7,3;0
-3;6,7;0
-7,9;4,1;0
-10,5;0,2;0
-1;3,8;0
3,2;4,3;0
4,2;7,9;0
5,2;10,3;0
-1,2;5,5;0
-6,7;4;0
2,6;5,1;0
-0,2;2,6;0
1;4,4;0
4,3;6,4;0
0,4;5,4;0
-0,6;6;2
2,7;6,2;0
-2,1;2,8;0
-3,3;-0,8;0
-2,7;0,3;2
0,1;9,5;0
6,4;9,1;0
1;6,8;0
-2,1;1,8;0
-2,4;1,7;0
-4,6;-1,2;0
-4,3;-1,2;0
-7,8;-4;0
-7;-4;2
-14,3;-3,9;2
-14,6;-4,4;3
-6,9;-4,7;3
-10,5;-6,4;2
-9,4;-5,3;0
-6,5;-4,1;2
-4,9;-2,9;3
-2,9;-2;3
-2,9;-1,4;3
-3;-1,3;3
-6,9;-1,5;3
-4;-2,5;4
-5,5;-3,4;3
-7,9;-4,8;4
-11,4;-5,4;5
-6,1;-1,6;5
-2,6;0,2;8
-14,2;-1,7;9
-15,7;-4,4;11
-10,2;-5,8;15
-10,5;-3,7;16
-10,4;-3,5;16
-17,3;-9,1;15
-13,6;-9,8;18
-15,8;-10;21
-16,5;-7,7;22
-10,5;-4,7;21
-11,4;-3;19
-3,9;-0,1;19
-10,4;0,1;24
-16,8;-2,7;22
-3,1;-1,2;25
-1,8;0,1;28
-14,8;-0,4;27
-13,7;-4,3;28
-16,3;-5,2;28
-16,1;-5,2;27
-10,1;-5,5;27
-8,6;-4,4;29
-8,3;-4,3;29
-5;0,4;33
0,4;2,7;32
-3,2;2,9;28
-16,6;-2,2;27
-13,4;-4,4;27
-20,3;-4,4;28
-21,1;-7,5;28
-23,5;-10,6;28
-23,8;-9,6;27
-9,7;-8,1;31
-8,2;-5,3;36
-8,7;-6,1;35
-8,7;1,5;36
1;3,1;33
0,6;3;30
-0,1;1,3;31
-0,1;1,5;30
0,2;2,2;28
-2,5;0,9;29
-0,8;0,8;29
-2;0,1;31
-2,5;-0,2;31
-4,1;-0,7;31
-11,3;-3;31
-12,4;-2,4;30
-2,9;-0,4;31
-1,5;5,6;29
-5,1;4,9;27
-13,7;-3,2;26
-3,4;0,4;26
-4;-0,8;27
-1,4;0,7;38
-6,3;-1;38
-7,5;-4,4;37
-6,5;-3,2;37
-13,9;-5,6;38
-24,7;-7,3;37
-9,9;-2,7;36
-12,8;-1,5;35
-2,8;2,1;34
-2,2;0,7;31
0,4;3;34
-3,8;2,1;35
-10,7;-2,1;35
-12,8;5;34
1,6;4,2;34
-7,8;3,4;34
-10,3;0,8;33
-2,8;0,5;33
-0,6;1,7;35
-4,7;1;35
-6,4;-3;40
-11,6;-6,1;42
-16,8;-7,1;43
-27,8;-11,3;42
-21,5;-1,5;43
-13,8;-2,2;43
-16,8;-3,5;43
-25;-5,3;43
-17,1;4,5;42
-3,6;5,8;43
-4,4;2,1;42
-2,7;4,5;43
-8,9;2,2;42
-9,8;-1,4;42
-7,4;-3,6;43
-19,7;-5,7;42
-27,3;-5,4;42
-24,6;-5,8;42
-28,3;-5,6;43
-10,9;-1,4;43
-13,9;-2,1;41
-12,8;-3,4;43
-19,1;0,8;43
